"Name of Covered Entity","State","Covered Entity Type","Individuals Affected","Breach Submission Date","Type of Breach","Location of Breached Information","Business Associate Present","Web Description"
"New Bedford Jewish Convalescent Home, Inc.","MA","Healthcare Provider","873","03/02/2021","Hacking/IT Incident","Network Server","No",""
"ProComp Software Consultants, Inc.","OH","Business Associate","1008","03/02/2021","Hacking/IT Incident","Network Server","Yes",""
"Geisinger Health Plan","PA","Health Plan","2872","02/28/2021","Unauthorized Access/Disclosure","Paper/Films","No",""
"The SurgiCare Center of Utah","UT","Healthcare Provider","8675","02/26/2021","Hacking/IT Incident","Network Server","No",""
"AllyAlign Health, Inc.","VA","Health Plan","33932","02/26/2021","Hacking/IT Incident","Network Server","No",""
"Cornerstone Care, Inc.","PA","Healthcare Provider","11487","02/25/2021","Hacking/IT Incident","Email","No",""
"BW Homecare Holdings, LLC, in its capacity as the parent corporation of the Elara Caring single affiliated covered entity","TX","Healthcare Provider","100487","02/24/2021","Hacking/IT Incident","Email","No",""
"Campbell County Hospital District","WY","Healthcare Provider","900","02/24/2021","Unauthorized Access/Disclosure","Email","No",""
"Kaiser Foundation Hospitals, Northern California","CA","Healthcare Provider","2121","02/23/2021","Unauthorized Access/Disclosure","Electronic Medical Record","No",""
"Orlando Health South Lake Hospital ","FL","Healthcare Provider","1673","02/23/2021","Loss","Paper/Films","No",""
"Jacobson Memorial Hospital Care Center","ND","Healthcare Provider","1545","02/23/2021","Hacking/IT Incident","Email","No",""
"Southeastern Minnesota Center for Independent Living, Inc. (""SEMCIL"")","MN","Healthcare Provider","4122","02/19/2021","Hacking/IT Incident","Email","No",""
"Miracle - Ear","CA","Healthcare Provider","900","02/19/2021","Theft","Paper/Films","No",""
"Miracle - Ear","CA","Healthcare Provider","1200","02/19/2021","Theft","Paper/Films","No",""
"Covenant HealthCare","MI","Healthcare Provider","47178","02/19/2021","Hacking/IT Incident","Email","No",""
"Rainbow Rehabilitation Centers, Inc","MI","Healthcare Provider","1749","02/19/2021","Hacking/IT Incident","Email","No",""
"Project Vida Health Center","TX","Healthcare Provider","4500","02/19/2021","Hacking/IT Incident","Network Server","No",""
"Steward West Division – AR/LA/TX ACE","TX","Healthcare Provider","877","02/16/2021","Unauthorized Access/Disclosure","Electronic Medical Record","No",""
"RF EYE PC dba Cochise Eye and Laser","AZ","Healthcare Provider","100000","02/12/2021","Hacking/IT Incident","Network Server","No",""
"Bowling Green Inn of Pensacola, LLC  DBA Twelve Oaks Recovery","FL","Healthcare Provider","9023","02/12/2021","Hacking/IT Incident","Network Server","No",""
"Grand River Medical Group","IA","Healthcare Provider","34000","02/12/2021","Hacking/IT Incident","Desktop Computer","No",""
"Hope Healthcare Service","FL","Healthcare Provider","1152","02/11/2021","Hacking/IT Incident","Network Server","No",""
"Pitkin County","CO","Healthcare Provider","1454","02/09/2021","Unauthorized Access/Disclosure","Other","No",""
"Piedmont Health Services ","NC","Healthcare Provider","677","02/09/2021","Hacking/IT Incident","Network Server","Yes",""
"Pennsylvania Adult & Teen Challenge ","PA","Healthcare Provider","7771","02/09/2021","Hacking/IT Incident","Email","No",""
"HARVARD EYE ASSOCIATES","CA","Business Associate","29982","02/08/2021","Hacking/IT Incident","Other","Yes",""
"Gore Medical Management, LLC","GA","Healthcare Provider","79100","02/08/2021","Hacking/IT Incident","Desktop Computer","No",""
"Hackley Community Care Center","MI","Healthcare Provider","2644","02/08/2021","Hacking/IT Incident","Email","No",""
"UPMC","PA","Healthcare Provider","36086","02/05/2021","Hacking/IT Incident","Email","Yes",""
"UT Southwestern Medical Center","TX","Healthcare Provider","3640","02/05/2021","Unauthorized Access/Disclosure","Other","No",""
"UPMC Health Plan ","PA","Health Plan","19000","02/05/2021","Hacking/IT Incident","Email","No",""
"Granite Wellness Centers","CA","Healthcare Provider","15600","02/04/2021","Hacking/IT Incident","Network Server","No",""
"Texas Spine Consultants, LLP","TX","Healthcare Provider","25728","02/03/2021","Unauthorized Access/Disclosure","Network Server","No",""
"DataLogic Software, Inc. ","TX","Business Associate","7200","02/03/2021","Hacking/IT Incident","Network Server","Yes",""
"Aetna ACE","CT","Business Associate","11056","02/02/2021","Hacking/IT Incident","Email","Yes",""
"Nevada Orthopedic & Spine Center","NV","Healthcare Provider","50000","02/01/2021","Hacking/IT Incident","Network Server","Yes",""
"Lake Charles Memorial Health System","LA","Healthcare Provider","3802","02/01/2021","Hacking/IT Incident","Desktop Computer, Email","Yes",""
"The House Next Door, Inc.","FL","Healthcare Provider","6000","02/01/2021","Hacking/IT Incident","Email","No",""
"Florida Healthy Kids Corporation","FL","Health Plan","3500000","01/29/2021","Hacking/IT Incident","Network Server","Yes",""
"Bethesda Hospital ","FL","Healthcare Provider","9148","01/29/2021","Unauthorized Access/Disclosure","Electronic Medical Record","No",""
"Leonard J. Chabert Medical Center","LA","Healthcare Provider","2254","01/29/2021","Hacking/IT Incident","Email","Yes",""
"A Renewed Mind","OH","Healthcare Provider","2428","01/29/2021","Hacking/IT Incident","Email","No",""
"County of Ramsey","MN","Healthcare Provider","8687","01/29/2021","Hacking/IT Incident","Network Server","Yes",""
"Prime Therapeutics, LLC","MN","Business Associate","1863","01/28/2021","Unauthorized Access/Disclosure","Paper/Films","Yes",""
"The Richards Group","VT","Business Associate","15429","01/28/2021","Hacking/IT Incident","Email","Yes",""
"Austin Hearing Services","TX","Healthcare Provider","600","01/23/2021","Unauthorized Access/Disclosure","Email","No",""
"Florida Hospital Physician Group Inc.","FL","Healthcare Provider","13759","01/22/2021","Hacking/IT Incident","Electronic Medical Record","No",""
"Inova Health System","VA","Healthcare Provider","1680","01/22/2021","Unauthorized Access/Disclosure","Email","No",""
"Public Education Employees' Health Insurance Plan d/b/a PEEHIP","AL","Health Plan","1465","01/22/2021","Unauthorized Access/Disclosure","Paper/Films","No",""
"Lynn Community Health, Incorporated","MA","Healthcare Provider","1800","01/22/2021","Hacking/IT Incident","Email","No",""
"Merrill Iron & Steel Health Benefit Plan","WI","Health Plan","899","01/21/2021","Hacking/IT Incident","Network Server","No",""
"Paraquad, Inc.","MO","Healthcare Provider","648","01/21/2021","Hacking/IT Incident","Network Server","Yes",""
"Limeade, Inc.","WA","Business Associate","668","01/20/2021","Unauthorized Access/Disclosure","Network Server","Yes",""
"Krapf Group","PA","Health Plan","610","01/19/2021","Hacking/IT Incident","Network Server","No",""
"Hendrick Health","TX","Healthcare Provider","640436","01/15/2021","Hacking/IT Incident","Network Server","No",""
"Montgomery Hospice, Inc.","MD","Healthcare Provider","1440","01/15/2021","Hacking/IT Incident","Email","No",""
"Froedtert Health","WI","Healthcare Provider","760","01/15/2021","Unauthorized Access/Disclosure","Electronic Medical Record","No",""
"Wisconsin Department of Health Services","WI","Health Plan","1281","01/15/2021","Unauthorized Access/Disclosure","Network Server","Yes",""
"Precision Spine Care","TX","Healthcare Provider","20787","01/12/2021","Hacking/IT Incident","Email","No",""
"Greater New Bedford Community Health Center","MA","Healthcare Provider","696","01/12/2021","Hacking/IT Incident","Email","Yes",""
"WeCare TLC","FL","Healthcare Provider","2340","01/12/2021","Loss","Laptop","No",""
"KR Perio, Katherine Rodriguez, DMD","FL","Healthcare Provider","500","01/11/2021","Hacking/IT Incident","Desktop Computer, Network Server","No",""
"Jefferson Healthcare","WA","Healthcare Provider","2543","01/11/2021","Hacking/IT Incident","Email","No",""
"Feeling Great Sleep Medical Centers","NC","Healthcare Provider","5000","01/09/2021","Unauthorized Access/Disclosure","Desktop Computer, Electronic Medical Record, Network Server","No",""
"Leon Medical Centers, LLC","FL","Healthcare Provider","500","01/08/2021","Hacking/IT Incident","Network Server","No",""
"Roper St. Francis Healthcare","SC","Healthcare Provider","189761","01/08/2021","Hacking/IT Incident","Email","No",""
"American Anesthesiology, Inc.","NY","Healthcare Provider","1269074","01/08/2021","Hacking/IT Incident","Email","Yes",""
"Managed Health Services (MHS)","IN","Health Plan","11988","01/08/2021","Unauthorized Access/Disclosure","Paper/Films","Yes",""
"Walgreen Co.","IL","Healthcare Provider","16089","01/08/2021","Unauthorized Access/Disclosure","Email","No",""
"Louisiana State University-Health Care Services Division","LA","Business Associate","8085","01/07/2021","Hacking/IT Incident","Email","Yes",""
"Gastroenterology Consultants Ltd","NV","Healthcare Provider","2500","01/06/2021","Hacking/IT Incident","Network Server","No",""
"Desert Oasis Healthcare","CA","Healthcare Provider","1122","01/04/2021","Unauthorized Access/Disclosure","Other","No",""
"South Country Health Alliance ","MN","Health Plan","66874","12/31/2020","Hacking/IT Incident","Email","No",""
"Apex Laboratory, Inc. ","NY","Healthcare Provider","7102","12/31/2020","Hacking/IT Incident","Network Server","No",""
"REEF Global Inc. ","FL","Health Plan","3951","12/31/2020","Hacking/IT Incident","Network Server","No",""
"Mattapan Community Health Center","MA","Healthcare Provider","4075","12/31/2020","Hacking/IT Incident","Email","No",""
"Prestera Center for Mental Health Services, Inc.","WV","Healthcare Provider","3708","12/31/2020","Hacking/IT Incident","Email","No",""
"Simpson Senior Services, Inc.","PA","Healthcare Provider","3259","12/31/2020","Hacking/IT Incident","Email","No",""
"Workplace Vitality Inc. (“Workplace Vitality”)","NY","Healthcare Provider","2850","12/31/2020","Hacking/IT Incident","Email","No",""
"Nissan North America, Inc. ","TN","Health Plan","50410","12/31/2020","Hacking/IT Incident","Email, Network Server","Yes",""
"Northwestern Memorial Hospital","IL","Healthcare Provider","682","12/30/2020","Unauthorized Access/Disclosure","Electronic Medical Record","No",""
"Home State Health Plan, Inc.","MO","Health Plan","1020","12/30/2020","Unauthorized Access/Disclosure","Paper/Films","Yes",""
"Peach State Health Plan","GA","Health Plan","3443","12/30/2020","Unauthorized Access/Disclosure","Paper/Films","Yes",""
"Ambetter for Arizona Complete Health","AZ","Health Plan","518","12/29/2020","Unauthorized Access/Disclosure","Paper/Films","Yes",""
"Superior HealthPlan","TX","Health Plan","3748","12/29/2020","Unauthorized Access/Disclosure","Paper/Films","Yes",""
"Buckeye Health Plan","OH","Health Plan","606","12/29/2020","Unauthorized Access/Disclosure","Paper/Films","Yes",""
"Sunshine State Health Plan","FL","Health Plan","3429","12/29/2020","Unauthorized Access/Disclosure","Paper/Films","Yes",""
"Beebe Medical Foundation","DE","Healthcare Provider","56953","12/28/2020","Hacking/IT Incident","Network Server","Yes",""
"Community Health Resources, Inc","CT","Healthcare Provider","1634","12/28/2020","Unauthorized Access/Disclosure","Email","No",""
"AllCare Health, Inc.","OR","Health Plan","5793","12/28/2020","Hacking/IT Incident","Network Server","Yes",""
"Magnolia Health Plan","MS","Health Plan","759","12/28/2020","Unauthorized Access/Disclosure","Paper/Films","Yes",""
"Five Points Optometrists, P.C. dba Five Points Eye Care","GA","Healthcare Provider","1223","12/24/2020","Hacking/IT Incident","Network Server","No",""
"Riverside Community Care, Inc.","MA","Healthcare Provider","5452","12/23/2020","Hacking/IT Incident","Network Server","No",""
"Tom Wood, Inc.","IN","Health Plan","828","12/23/2020","Hacking/IT Incident","Network Server","No",""
"Agency for Community Treatment Services, Inc.","FL","Healthcare Provider","73825","12/22/2020","Hacking/IT Incident","Network Server","No",""
"Gainwell Technologies LLC ","AR","Business Associate","3317","12/22/2020","Loss","Paper/Films","Yes",""
"Aetna ACE","CT","Health Plan","484157","12/22/2020","Hacking/IT Incident","Email","Yes",""
"Health Plan of San Joaquin","CA","Health Plan","225000","12/21/2020","Hacking/IT Incident","Email","No",""
"Kristina T Nguyen, DDS, PC","VA","Healthcare Provider","8000","12/21/2020","Hacking/IT Incident","Network Server","No",""
"BlueCross BlueShield of Tennessee, Inc.","TN","Health Plan","1340","12/18/2020","Unauthorized Access/Disclosure","Email","Yes",""
"GenRx Pharmacy","AZ","Healthcare Provider","137110","12/18/2020","Hacking/IT Incident","Network Server","No",""
"Iowa Total Care, Inc.","IA","Health Plan","536","12/18/2020","Unauthorized Access/Disclosure","Email","No",""
"Wilmington Surgical Associates, P.A.","NC","Healthcare Provider","114834","12/17/2020","Hacking/IT Incident","Network Server","No",""
"Community Eye Care, LLC","NC","Health Plan","149804","12/17/2020","Hacking/IT Incident","Email","No",""
"MEDNAX Services, Inc.","FL","Business Associate","1290670","12/16/2020","Hacking/IT Incident","Email","Yes",""
"Benjamin Rose Institute on Aging","OH","Healthcare Provider","1452","12/15/2020","Hacking/IT Incident","Email","No",""
"Midwest Geriatric Management, LLC","MO","Healthcare Provider","4814","12/14/2020","Hacking/IT Incident","Email","No",""
"Nebraska Methodist Health System","NE","Healthcare Provider","39912","12/14/2020","Hacking/IT Incident","Network Server","Yes",""
"Beacon Health Solutions, LLC","FL","Business Associate","500","12/11/2020","Hacking/IT Incident","Network Server","Yes",""
"Southeast Health Center of Ripley County","MO","Healthcare Provider","5001","12/11/2020","Hacking/IT Incident","Network Server","No",""
"Holy Redeemer Ambulatory Surgical Center","PA","Healthcare Provider","1298","12/11/2020","Hacking/IT Incident","Email","No",""
"HMC Healthworks, Inc.","FL","Business Associate","985","12/11/2020","Hacking/IT Incident","Email","Yes",""
"SSM Health Insurance Company","WI","Health Plan","4492","12/11/2020","Unauthorized Access/Disclosure","Paper/Films","No",""
"TNMO Healthcare, LLC","TN","Healthcare Provider","501","12/11/2020","Improper Disposal","Other","No",""
"Cedar Springs Hospital","CO","Healthcare Provider","2283","12/09/2020","Loss","Other Portable Electronic Device","No",""
"Monroe Surgical Hospital, LLC","LA","Healthcare Provider","3500","12/09/2020","Hacking/IT Incident","Network Server","Yes",""
"The Presbyterian Homes, Inc. ","NC","Healthcare Provider","1041","12/09/2020","Hacking/IT Incident","Network Server","Yes",""
"Texas Tech University Health Sciences Center","TX","Healthcare Provider","37000","12/09/2020","Hacking/IT Incident","Network Server","Yes",""
"Sonoma Valley Healthcare District","CA","Healthcare Provider","69000","12/09/2020","Hacking/IT Incident","Email","No",""
"Employment Specialists of Maine, Inc.","ME","Healthcare Provider","1639","12/09/2020","Hacking/IT Incident","Network Server","No",""
"Dental Care Alliance, LLC","FL","Business Associate","1004304","12/08/2020","Hacking/IT Incident","Network Server","Yes",""
"Mirra Health Care","FL","Business Associate","1064","12/08/2020","Unauthorized Access/Disclosure","Other","Yes",""
"Central Florida Cardiology Group ","FL","Healthcare Provider","979","12/07/2020","Unauthorized Access/Disclosure","Other Portable Electronic Device, Paper/Films","Yes",""
"Meade Physicians, Inc.","KY","Healthcare Provider","695","12/07/2020","Unauthorized Access/Disclosure","Paper/Films","Yes",""
"Mercy Health","MO","Healthcare Provider","11187","12/04/2020","Unauthorized Access/Disclosure","Electronic Medical Record","No",""
"Meharry Medical College","TN","Healthcare Provider","20963","12/04/2020","Hacking/IT Incident","Email","No",""
"Family Health Center of Worcester","MA","Healthcare Provider","566","12/04/2020","Hacking/IT Incident","Network Server","No",""
"McLeroy Gibbs and Klein","TX","Healthcare Provider","3200","12/04/2020","Unauthorized Access/Disclosure","Other","No",""
"Allegheny Health Network","PA","Healthcare Provider","299507","12/03/2020","Hacking/IT Incident","Network Server","Yes",""
"AMITA Health","IL","Healthcare Provider","261054","12/03/2020","Hacking/IT Incident","Network Server","Yes",""
"DMBA","UT","Health Plan","774","12/02/2020","Unauthorized Access/Disclosure","Desktop Computer","No",""
"Montefiore Medical Center ","NY","Healthcare Provider","670","12/01/2020","Unauthorized Access/Disclosure","Paper/Films","No",""
"Liv-On Family Care Center, PA","MN","Healthcare Provider","1580","12/01/2020","Theft","Desktop Computer, Laptop, Other Portable Electronic Device","No",""
"US Med, LLC","FL","Healthcare Provider","685","11/30/2020","Hacking/IT Incident","Network Server","No",""
"Brazos Valley Plastic Surgery","TX","Healthcare Provider","2255","11/26/2020","Unauthorized Access/Disclosure","Email","No",""
"Tufts Health Plan","MA","Health Plan","60545","11/25/2020","Hacking/IT Incident","Email","Yes",""
"US Fertility LLC","MD","Business Associate","878550","11/25/2020","Hacking/IT Incident","Network Server","Yes",""
"Bardstown Primary Care dba: Physicians to Children & Adolescents","KY","Healthcare Provider","859","11/24/2020","Unauthorized Access/Disclosure","Other","Yes",""
"Presbyterian Health Plan","NM","Business Associate","3557","11/23/2020","Unauthorized Access/Disclosure","Paper/Films","Yes",""
"The Tree House Child Advocacy Center of Montgomery County","MD","Business Associate","514","11/23/2020","Unauthorized Access/Disclosure","Network Server","Yes",""
"Peachtree Immediate Care FP, LLC","GA","Healthcare Provider","1462","11/23/2020","Hacking/IT Incident","Email","No",""
"One Touch Point","WI","Business Associate","28658","11/23/2020","Unauthorized Access/Disclosure","Paper/Films","Yes",""
"Interim Health Care of the Capital Region","NY","Healthcare Provider","1127","11/23/2020","Hacking/IT Incident","Email","No",""
"Bilingual Psychological Associates, PC","TX","Healthcare Provider","1925","11/23/2020","Unauthorized Access/Disclosure","Electronic Medical Record, Network Server","No",""
"The Nebraska Medical Center and University of Nebraska Medical Center, Affiliated Covered Entities","NE","Healthcare Provider","216472","11/23/2020","Hacking/IT Incident","Network Server","No",""
"Indian Health Council Inc.","CA","Healthcare Provider","5769","11/20/2020","Hacking/IT Incident","Network Server","No",""
"Harvard Pilgrim Health Care, Inc. ","MA","Business Associate","8022","11/20/2020","Unauthorized Access/Disclosure","Paper/Films","Yes",""
"Louisiana State University- Health Care Services Division","LA","Healthcare Provider","8000","11/20/2020","Hacking/IT Incident","Email","No",""
"Bayhealth Medical Center, Inc.","DE","Healthcare Provider","78006","11/20/2020","Hacking/IT Incident","Network Server","Yes",""
"Planned Parenthood of Metro Washington","DC","Healthcare Provider","500","11/20/2020","Hacking/IT Incident","Network Server","No",""
"Herron Business Law","PA","Business Associate","1419","11/20/2020","Unauthorized Access/Disclosure","Paper/Films","Yes",""
"Legacy Community Health Services","TX","Healthcare Provider","3076","11/20/2020","Hacking/IT Incident","Email","No",""
"Golden Gate Regional Center ","CA","Business Associate","11315","11/20/2020","Hacking/IT Incident","Network Server","Yes",""
"Walmart Inc.","AR","Healthcare Provider","524","11/20/2020","Theft","Paper/Films","No",""
"Hi-Tech Artificial Limbs, Inc.","KY","Healthcare Provider","529","11/20/2020","Loss","Other","No",""
"AspenPointe, Inc. ","CO","Healthcare Provider","295617","11/19/2020","Hacking/IT Incident","Network Server","No",""
"Jonathan Woolfson, MD, PC","GA","Healthcare Provider","2000","11/19/2020","Theft","Laptop","No",""
"Northpoint Recovery Holdings, LLC","ID","Healthcare Provider","1866","11/13/2020","Hacking/IT Incident","Email","No",""
"Mercy Iowa City","IA","Healthcare Provider","92795","11/13/2020","Hacking/IT Incident","Email","No",""
"Open Door Family Medical Center, Inc.","NY","Healthcare Provider","36474","11/12/2020","Hacking/IT Incident","Email, Network Server","No",""
"Delaware Department of Health and Social Services, Division of Public Health","DE","Healthcare Provider","9930","11/12/2020","Unauthorized Access/Disclosure","Email","No",""
"ProMedica Bixby Hospital","MI","Healthcare Provider","3500","11/12/2020","Unauthorized Access/Disclosure","Electronic Medical Record","No",""
"Jekyll Island-State Park Authority - Jekyll Island Fire/EMS","GA","Healthcare Provider","1881","11/09/2020","Hacking/IT Incident","Desktop Computer, Network Server","No",""
"Bruce L. Boros, M.D., P.A. DBA Advanced Urgent Care","FL","Healthcare Provider","58823","11/06/2020","Unauthorized Access/Disclosure","Network Server","No",""
"Kaiser Foundation Health Plan of Georgia, Inc. ","GA","Health Plan","10205","11/06/2020","Unauthorized Access/Disclosure","Paper/Films","No",""
"Galstan & Ward Family and Cosmetic Dentistry","VA","Healthcare Provider","10759","11/06/2020","Hacking/IT Incident","Email, Network Server","No",""
"Seeley Enterprises Company","OH","Healthcare Provider","16196","11/06/2020","Hacking/IT Incident","Network Server","No",""
"Conway Regional Health System","AR","Healthcare Provider","2945","11/06/2020","Unauthorized Access/Disclosure","Email","No",""
"Physicians Apothecary","AL","Healthcare Provider","2000","11/06/2020","Improper Disposal","Paper/Films","No",""
"People Incorporated","MN","Healthcare Provider","27500","11/06/2020","Hacking/IT Incident","Email","No",""
"Lawrence General Hospital","MA","Healthcare Provider","176587","11/05/2020","Hacking/IT Incident","Network Server","No",""
"Lake County Health Department and Community Health Center","IL","Healthcare Provider","3815","11/05/2020","Unauthorized Access/Disclosure","Email","No",""
"Pristine Dental ","MA","Healthcare Provider","1428","11/05/2020","Hacking/IT Incident","Network Server","No",""
"Methodist Hospital of Southern California","CA","Healthcare Provider","39881","11/04/2020","Hacking/IT Incident","Network Server","Yes",""
"Alamance Skin Center","NC","Healthcare Provider","100000","11/04/2020","Loss","Electronic Medical Record","No",""
"The GEO Group Inc.","FL","Healthcare Provider","3991","11/04/2020","Hacking/IT Incident","Network Server","No",""
"Chesapeake Regional Healthcare","VA","Healthcare Provider","24000","11/03/2020","Hacking/IT Incident","Network Server","Yes",""
"Virginia Hospital Center Health System","VA","Healthcare Provider","23846","10/31/2020","Hacking/IT Incident","Network Server","Yes",""
"Bondurant-Farrar Community School District","IA","Healthcare Provider","603","10/30/2020","Hacking/IT Incident","Network Server","Yes",""
"Johnston Community School District","IA","Healthcare Provider","1656","10/30/2020","Hacking/IT Incident","Network Server","Yes",""
"Clinton Community School District","IA","Healthcare Provider","1643","10/30/2020","Hacking/IT Incident","Network Server","Yes",""
"Yale New Haven Hospital","CT","Healthcare Provider","15904","10/30/2020","Hacking/IT Incident","Network Server","Yes",""
"Urbandale Community School District","IA","Healthcare Provider","647","10/30/2020","Hacking/IT Incident","Network Server","Yes",""
"Carlisle Community School District","IA","Healthcare Provider","562","10/30/2020","Hacking/IT Incident","Network Server","Yes",""
"Cedar Falls Community School District","IA","Healthcare Provider","1445","10/30/2020","Hacking/IT Incident","Network Server","Yes",""
"Connecticut Department of Social Services","CT","Health Plan","37000","10/30/2020","Hacking/IT Incident","Email","No",""
"NYU Langone Hospitals ","NY","Healthcare Provider","44009","10/30/2020","Hacking/IT Incident","Network Server","Yes",""
"Dubuque Community School District","IL","Healthcare Provider","4704","10/30/2020","Hacking/IT Incident","Network Server","Yes",""
"Saydel Community School District","IA","Healthcare Provider","590","10/30/2020","Hacking/IT Incident","Network Server","Yes",""
"Lewis Central Community School District","IA","Healthcare Provider","905","10/30/2020","Hacking/IT Incident","Network Server","Yes",""
"Rady Children’s Hospital – San Diego","CA","Healthcare Provider","19788","10/30/2020","Hacking/IT Incident","Network Server","Yes",""
"My Choice Housecalls, LLC","FL","Healthcare Provider","3370","10/30/2020","Theft","Laptop","No",""
"Timberline Billing Service, LLC","IA","Business Associate","116131","10/30/2020","Hacking/IT Incident","Network Server","Yes",""
"CCPOA Benefit Trust Fund","CA","Health Plan","80000","10/29/2020","Hacking/IT Incident","Network Server","No",""
" Muscatine Community School District","IA","Healthcare Provider","2039","10/29/2020","Hacking/IT Incident","Network Server","Yes",""
"Clear Creek-Amana School District","IA","Healthcare Provider","771","10/29/2020","Hacking/IT Incident","Network Server","Yes",""
" Charles City Community School District","IA","Healthcare Provider","580","10/29/2020","Hacking/IT Incident","Network Server","Yes",""
"Burlington Community School District","IA","Healthcare Provider","1884","10/29/2020","Hacking/IT Incident","Network Server","Yes",""
" Indianola Community School District","IA","Healthcare Provider","1141","10/29/2020","Hacking/IT Incident","Network Server","Yes",""
"MK Periodontics and Implants","WA","Healthcare Provider","8000","10/29/2020","Hacking/IT Incident","Network Server","No",""
"Kids First Dentistry & Orthodontics, a subsidiary of Professional Dental Alliance of Connecticut, PLLC","CT","Healthcare Provider","5000","10/28/2020","Hacking/IT Incident","Network Server","No",""
"First Impressions Orthodontics, a subsidiary of Professional Dental Alliance of Connecticut PLLC","CT","Healthcare Provider","20727","10/28/2020","Hacking/IT Incident","Network Server","No",""
"State of North Dakota","ND","Healthcare Provider","35416","10/27/2020","Hacking/IT Incident","Email","No",""
"Luxottica of America Inc.","OH","Business Associate","829454","10/27/2020","Hacking/IT Incident","Network Server","Yes",""
"Northwest Eye Surgeons, P.C. and Sight Partners LLC","WA","Healthcare Provider","20838","10/26/2020","Hacking/IT Incident","Network Server","No",""
"Jemez Health & Human Services","NM","Healthcare Provider","4290","10/26/2020","Improper Disposal","Desktop Computer, Laptop","No",""
"Allergy & Asthma Center","TX","Healthcare Provider","711","10/26/2020","Unauthorized Access/Disclosure","Email","No",""
"Centerstone of Indiana, Inc.","IN","Healthcare Provider","11638","10/23/2020","Hacking/IT Incident","Email","No",""
"Centerstone of Tennessee, Inc.","TN","Healthcare Provider","50965","10/23/2020","Hacking/IT Incident","Email","No",""
"The Bridge, Inc.","NY","Healthcare Provider","16431","10/23/2020","Hacking/IT Incident","Email","No",""
"Lycoming-Clinton Joinder Board Programs","PA","Business Associate","14500","10/23/2020","Hacking/IT Incident","Email","Yes",""
"Perry County Memorial Hospital","MO","Healthcare Provider","501","10/22/2020","Hacking/IT Incident","Email","No",""
"Arkansas Otolaryngology Center, PA","AR","Healthcare Provider","12000","10/22/2020","Unauthorized Access/Disclosure","Email","No",""
"Community Clinic of Maui","HI","Healthcare Provider","1784","10/22/2020","Unauthorized Access/Disclosure","Paper/Films","No",""
"Intellirad Imaging, LLC ","FL","Healthcare Provider","1862","10/20/2020","Hacking/IT Incident","Email","Yes",""
"Provider Health Services","LA","Healthcare Provider","1700","10/20/2020","Hacking/IT Incident","Network Server","Yes",""
"AdventHealth  ","FL","Healthcare Provider","315811","10/20/2020","Hacking/IT Incident","Network Server","Yes",""
"Ascend Clinical, LLC","CA","Healthcare Provider","77443","10/19/2020","Hacking/IT Incident","Network Server","No",""
"OSF HealthCare System","IL","Healthcare Provider","94171","10/19/2020","Hacking/IT Incident","Network Server","Yes",""
"Arkansas Methodist Medical Center","AR","Healthcare Provider","4916","10/19/2020","Hacking/IT Incident","Network Server","Yes",""
"Geisinger","PA","Healthcare Provider","86412","10/19/2020","Hacking/IT Incident","Network Server","Yes",""
"BryLin Hospitals, Incorporated","NY","Healthcare Provider","8000","10/17/2020","Hacking/IT Incident","Network Server","No",""
"DJO, LLC","CA","Healthcare Provider","3429","10/16/2020","Hacking/IT Incident","Email","Yes",""
"Center for Autism and Related Disorders","CA","Healthcare Provider","1440","10/16/2020","Hacking/IT Incident","Email","No",""
"University of Michigan/Michigan Medicine","MI","Healthcare Provider","1062","10/16/2020","Unauthorized Access/Disclosure","Email","No",""
"WellMed","TX","Healthcare Provider","591","10/15/2020","Theft","Paper/Films","No",""
"Stamford Hospital ","CT","Healthcare Provider","1050","10/15/2020","Hacking/IT Incident","Network Server","Yes",""
"Mary Rutan Hospital","OH","Healthcare Provider","1677","10/15/2020","Unauthorized Access/Disclosure","Other","No",""
"Bonnie Brae","NJ","Healthcare Provider","884","10/14/2020","Hacking/IT Incident","Network Server","No",""
"Passavant Memorial Homes, Inc.","PA","Healthcare Provider","25000","10/14/2020","Hacking/IT Incident","Network Server","No",""
"Heavenly Hands Family Medical Clinic","TX","Healthcare Provider","2000","10/14/2020","Unauthorized Access/Disclosure","Electronic Medical Record","No",""
"Lawrence + Memorial Hospital","CT","Healthcare Provider","21617","10/13/2020","Hacking/IT Incident","Network Server","Yes",""
"Practice Transformation Solutions, LLC","VA","Business Associate","1678","10/13/2020","Hacking/IT Incident","Email","Yes",""
"Health and Wellness Clinic, PLLC","WA","Healthcare Provider","885","10/13/2020","Theft","Paper/Films","No",""
"Georgia Department of Human Services ","GA","Healthcare Clearing House","45732","10/09/2020","Hacking/IT Incident","Email","No",""
"Greenwich Hospital","CT","Healthcare Provider","95000","10/09/2020","Hacking/IT Incident","Network Server","Yes",""
"Einstein Healthcare Network","PA","Healthcare Provider","353616","10/09/2020","Hacking/IT Incident","Email","No",""
"Cedar County Iowa, Board of Supervisors","IA","Healthcare Provider","1138","10/08/2020","Hacking/IT Incident","Email","No",""
"Milestone Electric, Inc.","TX","Health Plan","4973","10/08/2020","Hacking/IT Incident","Email","No",""
"McLaren Oakland","MI","Healthcare Provider","2219","10/08/2020","Unauthorized Access/Disclosure","Network Server","No",""
"The Opportunity Alliance","ME","Healthcare Provider","4500","10/07/2020","Hacking/IT Incident","Network Server","Yes",""
"Clinical & Forensic Consultation, LLC d/b/a Thriveworks Bristol, Johnson City, and Knoxville","TN","Healthcare Provider","1360","10/07/2020","Unauthorized Access/Disclosure","Email","No",""
"Atlantic Medical Imaging","NJ","Healthcare Provider","74877","10/06/2020","Hacking/IT Incident","Email","No",""
"Body by Ravi Plastic Surgery and Aesthetics","TX","Healthcare Provider","2618","10/05/2020","Hacking/IT Incident","Network Server","No",""
"Mayo Clinic","MN","Healthcare Provider","1614","10/05/2020","Unauthorized Access/Disclosure","Electronic Medical Record","No",""
"Adults and Children with Learning and Developmental Disabilities, Inc.","NY","Healthcare Provider","603","10/02/2020","Hacking/IT Incident","Network Server","Yes",""
"Premier Health Partners","OH","Healthcare Provider","749","10/02/2020","Unauthorized Access/Disclosure","Email","No",""
"Beaufort Memorial Hospital","SC","Healthcare Provider","12636","10/02/2020","Unauthorized Access/Disclosure","Paper/Films","No",""
"Practice Transformation Solutions, LLC","VA","Business Associate","1016","10/02/2020","Hacking/IT Incident","Email","Yes",""
"Virginia Cancer Institute Incorporated","VA","Healthcare Provider","6258","10/02/2020","Hacking/IT Incident","Email","No",""
"Presbyterian Healthcare Services","NM","Healthcare Provider","193223","10/02/2020","Hacking/IT Incident","Other","Yes",""
"Sisters of Charity of St. Augustine Health System ","OH","Healthcare Provider","118874","10/01/2020","Hacking/IT Incident","Network Server","Yes",""
"Alliance Spine and Pain Management, PLLC d/b/a Freedom Spine & Pain Center","TX","Healthcare Provider","2235","09/30/2020","Hacking/IT Incident","Email","No",""
"Oswego Health","NY","Healthcare Provider","13619","09/30/2020","Hacking/IT Incident","Email","No",""
"White Plains Hospital  ","NY","Healthcare Provider","7164","09/30/2020","Hacking/IT Incident","Network Server","Yes",""
"Sonoma Recovery Services, LLC d/b/a/ Olympia House ","CA","Healthcare Provider","2527","09/30/2020","Hacking/IT Incident","Network Server","No",""
"University Muslim Medical Association ","CA","Healthcare Provider","563","09/29/2020","Unauthorized Access/Disclosure","Email","No",""
"Excalibur Youth Services, LLC ","SC","Healthcare Provider","2851","09/28/2020","Hacking/IT Incident","Network Server","No",""
"Voxx International Corp.","FL","Health Plan","6034","09/28/2020","Hacking/IT Incident","Network Server","No",""
"EyeMed Vision Care LLC","OH","Business Associate","54266","09/28/2020","Unauthorized Access/Disclosure","Email","Yes",""
"Preferred Care Home Health Services ","FL","Healthcare Provider","2374","09/28/2020","Hacking/IT Incident","Email","No",""
"Century Specialty Script","NY","Healthcare Provider","16038","09/28/2020","Hacking/IT Incident","Email","No",""
"Oaklawn Hospital","MI","Healthcare Provider","26861","09/25/2020","Hacking/IT Incident","Email","No",""
"Legacy Community Health Services, Inc.","TX","Healthcare Provider","228009","09/25/2020","Hacking/IT Incident","Email","No",""
"Scottish Rite for Children","TX","Healthcare Provider","3414","09/25/2020","Hacking/IT Incident","Network Server","Yes",""
"Burke Rehabilitation Hospital","NY","Healthcare Provider","65839","09/25/2020","Hacking/IT Incident","Network Server","Yes",""
"Mono County","CA","Healthcare Provider","2850","09/25/2020","Hacking/IT Incident","Electronic Medical Record","No",""
"Seven Counties Services, Inc.","KY","Healthcare Provider","13375","09/25/2020","Hacking/IT Incident","Email","No",""
"MedStar Health, Inc.","MD","Healthcare Provider","668","09/25/2020","Hacking/IT Incident","Network Server","Yes",""
"Geisinger Health","PA","Healthcare Provider","717","09/23/2020","Unauthorized Access/Disclosure","Electronic Medical Record","No",""
"Magnolia Pediatrics","LA","Healthcare Provider","12861","09/23/2020","Hacking/IT Incident","Network Server","No",""
"South Shore Hospital","MA","Healthcare Provider","74251","09/23/2020","Hacking/IT Incident","Network Server","Yes",""
"Montefiore Medical Center","NY","Healthcare Provider","4004","09/18/2020","Unauthorized Access/Disclosure","Electronic Medical Record","No",""
"Pollack, Barbaccia, & Guzman MD PC","NY","Healthcare Provider","1135","09/18/2020","Theft","Paper/Films","No",""
"University of Missouri Health Care","MO","Healthcare Provider","189736","09/17/2020","Hacking/IT Incident","Email","No",""
"OrthoAtlanta, LLC","GA","Healthcare Provider","5600","09/17/2020","Hacking/IT Incident","Network Server","No",""
"Sheltering Arms Physical Rehabilitation Centers","VA","Healthcare Provider","683","09/16/2020","Hacking/IT Incident","Network Server","Yes",""
"Accents on Health","CO","Healthcare Provider","2000","09/16/2020","Hacking/IT Incident","Desktop Computer, Network Server","No",""
"Alameda Health System ","CA","Healthcare Provider","2691","09/15/2020","Hacking/IT Incident","Email","No",""
"Community Surgical Supply of Toms River, Inc.","NJ","Healthcare Provider","31550","09/15/2020","Hacking/IT Incident","Email","No",""
"Piedmont Cancer Institute, P.C.","GA","Healthcare Provider","5226","09/15/2020","Hacking/IT Incident","Email","No",""
"Nuvance Health (on behalf of its covered entities)","NY","Healthcare Provider","314829","09/15/2020","Hacking/IT Incident","Network Server","Yes",""
"Bluegrass Care Navigators","KY","Healthcare Provider","2343","09/14/2020","Hacking/IT Incident","Network Server","Yes",""
"Montefiore Medical Center ","NY","Healthcare Provider","81552","09/14/2020","Hacking/IT Incident","Network Server","Yes",""
"Joslin Diabetes Center ","MA","Healthcare Provider","71160","09/14/2020","Hacking/IT Incident","Network Server","Yes",""
"Jewish Home Lifecare d/b/a The New Jewish Home","NY","Healthcare Provider","5242","09/14/2020","Hacking/IT Incident","Network Server","Yes",""
"Memorial Sloan Kettering Cancer Center ","NY","Healthcare Provider","73536","09/14/2020","Hacking/IT Incident","Network Server","Yes",""
"Hospice & Palliative Care Buffalo, Inc.  ","NY","Healthcare Provider","47272","09/14/2020","Hacking/IT Incident","Network Server","Yes",""
"Samaritan Daytop Village, Inc.","NY","Healthcare Provider","5890","09/14/2020","Hacking/IT Incident","Network Server","Yes",""
"Prelude Behavioral Services ","IA","Healthcare Provider","699","09/14/2020","Hacking/IT Incident","Network Server","Yes",""
"Christiana Care Health Services, Inc.","DE","Healthcare Provider","1229","09/14/2020","Hacking/IT Incident","Network Server","Yes",""
"Connecticut Children's Medical Center","CT","Healthcare Provider","2633","09/14/2020","Hacking/IT Incident","Network Server","Yes",""
"Texas Children's Hospital","TX","Healthcare Provider","1987","09/14/2020","Hacking/IT Incident","Network Server","Yes",""
"Roswell Park Comprehensive Cancer Center","NY","Healthcare Provider","141669","09/14/2020","Hacking/IT Incident","Network Server","Yes",""
"UMass Memorial Medical Center","MA","Healthcare Provider","87420","09/14/2020","Hacking/IT Incident","Network Server","Yes",""
"Samaritan Healthcare & Hospice","NJ","Healthcare Provider","3657","09/14/2020","Hacking/IT Incident","Network Server","Yes",""
"Lehigh Valley Health Network","PA","Healthcare Provider","81487","09/14/2020","Hacking/IT Incident","Network Server","Yes",""
"Veterans Health Administration","DC","Healthcare Provider","44308","09/14/2020","Hacking/IT Incident","Network Server","No",""
"Stony Brook University Hospital","NY","Healthcare Provider","175803","09/14/2020","Hacking/IT Incident","Network Server","Yes",""
"Catholic Medical Center","NH","Healthcare Provider","18623","09/14/2020","Hacking/IT Incident","Network Server","Yes",""
"Mount Sinai Health System","NY","Healthcare Provider","87535","09/13/2020","Hacking/IT Incident","Network Server","Yes",""
"Lynn Community Health Center","MA","Healthcare Provider","4271","09/13/2020","Hacking/IT Incident","Email","No",""
"George West Mental Health Foundation dba Skyland Trail","GA","Healthcare Provider","2818","09/12/2020","Hacking/IT Incident","Other","No",""
"Augusta Health Care, Inc. d/b/a Augusta Health","VA","Healthcare Provider","3061","09/11/2020","Hacking/IT Incident","Network Server","Yes",""
"Community Medical Centers","CA","Healthcare Provider","43667","09/11/2020","Hacking/IT Incident","Network Server","Yes",""
"Hebrew SeniorLife, Inc. ","MA","Healthcare Provider","27244","09/11/2020","Hacking/IT Incident","Network Server","Yes",""
"Riverside Health System","VA","Healthcare Provider","54151","09/11/2020","Hacking/IT Incident","Network Server","Yes",""
"Adventist HealthCare","MD","Healthcare Provider","13041","09/11/2020","Hacking/IT Incident","Network Server","Yes",""
"SOUTHERN INDIAN HEALTH COUNCIL, INC.","CA","Healthcare Provider","695","09/11/2020","Hacking/IT Incident","Email","No",""
"Medical University of South Carolina","SC","Healthcare Provider","54869","09/11/2020","Hacking/IT Incident","Network Server","Yes",""
"Specialized Alternatives for Families & Youth of America, Inc.","OH","Business Associate","58123","09/11/2020","Hacking/IT Incident","Email","Yes",""
"Total Urology Care of New York PLLC","NY","Healthcare Provider","23000","09/10/2020","Unauthorized Access/Disclosure","Electronic Medical Record","No",""
"Enloe Medical Center","CA","Healthcare Provider","33575","09/10/2020","Hacking/IT Incident","Network Server","Yes",""
"SCL Health – Colorado (affiliated covered entity) ","CO","Healthcare Provider","343493","09/10/2020","Hacking/IT Incident","Network Server","Yes",""
"SCL Health – Montana (affiliated covered entity) ","CO","Healthcare Provider","93642","09/10/2020","Hacking/IT Incident","Network Server","Yes",""
"SCL Health – Kansas (affiliated covered entity) ","CO","Healthcare Provider","3845","09/10/2020","Hacking/IT Incident","Network Server","Yes",""
"Mental Health Center of Boulder County Inc. dba Mental Health Partners ","CO","Healthcare Provider","2650","09/09/2020","Hacking/IT Incident","Email","No",""
"Defense Health Headquarters","VA","Health Plan","1620","09/09/2020","Hacking/IT Incident","Network Server","No",""
"Baylor College of Medicine","TX","Healthcare Provider","4500","09/09/2020","Hacking/IT Incident","Network Server","Yes",""
" Virginia Mason Medical Center","WA","Healthcare Provider","244761","09/08/2020","Hacking/IT Incident","Network Server","Yes",""
"The Guthrie Clinic","PA","Healthcare Provider","92064","09/08/2020","Hacking/IT Incident","Network Server","Yes",""
"Lycoming-Clinton Joinder Board Programs","PA","Business Associate","3905","09/08/2020","Hacking/IT Incident","Email","Yes",""
"Starling Physicians, PC","CT","Healthcare Provider","7777","09/04/2020","Hacking/IT Incident","Email","No",""
"Carnegie Tri-County Municipal Hospital","OK","Healthcare Provider","1076","09/04/2020","Improper Disposal","Paper/Films","No",""
"Advocate Aurora Health","WI","Healthcare Provider","2979","09/04/2020","Unauthorized Access/Disclosure","Paper/Films","No",""
"Roper St. Francis Healthcare","SC","Healthcare Provider","6000","09/03/2020","Hacking/IT Incident","Email","No",""
"H. Lee Moffitt Cancer Center & Research Institute ","FL","Healthcare Provider","4056","09/02/2020","Theft","Other Portable Electronic Device, Paper/Films","No",""
"The  Baton Rouge Clinic, A Medical Corporation","LA","Healthcare Provider","308169","09/02/2020","Hacking/IT Incident","Desktop Computer, Email, Network Server","No",""
"Spectrum Health","MI","Healthcare Provider","52711","09/01/2020","Hacking/IT Incident","Network Server","Yes",""
"BEACON ORTHOPAEDICS & SPORTS MEDICINE","OH","Healthcare Provider","2869","08/28/2020","Theft","Other, Other Portable Electronic Device","No",""
"Utah Pathology Services, Inc.","UT","Healthcare Provider","112124","08/28/2020","Hacking/IT Incident","Email","No",""
"Assured Imaging","AZ","Healthcare Provider","244813","08/27/2020","Hacking/IT Incident","Network Server","No",""
"Glacier Surgical Associates","AK","Healthcare Provider","1538","08/25/2020","Hacking/IT Incident","Network Server","No",""
"OrthoSC, LLC","SC","Healthcare Provider","3000","08/25/2020","Hacking/IT Incident","Email","No",""
"Waystar Health","KY","Business Associate","1021","08/25/2020","Hacking/IT Incident","Network Server","Yes",""
"City of Lafayette Fire Department","CO","Healthcare Provider","15000","08/25/2020","Hacking/IT Incident","Network Server","No",""
"Consultant Anesthesiologists, Inc.","OH","Healthcare Provider","740","08/25/2020","Theft","Paper/Films","No",""
"MultiCare Health System","WA","Healthcare Provider","179189","08/22/2020","Hacking/IT Incident","Network Server","Yes",""
"Elwyn","PA","Healthcare Provider","16579","08/21/2020","Hacking/IT Incident","Email","No",""
"Washington Department of Social and Health Services","WA","Health Plan","648","08/20/2020","Unauthorized Access/Disclosure","Email","No",""
"Humana Inc","KY","Health Plan","501","08/19/2020","Hacking/IT Incident","Other","No",""
"Hamilton Health Center, Inc. ","PA","Healthcare Provider","10393","08/18/2020","Unauthorized Access/Disclosure","Email","No",""
"Arnot Health","NY","Healthcare Provider","1164","08/18/2020","Hacking/IT Incident","Email, Network Server","Yes",""
"Imperium Health LLC","KY","Business Associate","139114","08/17/2020","Hacking/IT Incident","Email","Yes",""
"Cook Children's Medical Center","TX","Healthcare Provider","1768","08/17/2020","Loss","Other Portable Electronic Device","No",""
"Crozer-Keystone Health System","PA","Healthcare Provider","177023","08/14/2020","Hacking/IT Incident","Network Server","No",""
"Selected Benefits","PA","Business Associate","8100","08/14/2020","Hacking/IT Incident","Email","Yes",""
"D&S Residential Holdings, LLC","TX","Healthcare Provider","2102","08/14/2020","Hacking/IT Incident","Email","No",""
"Advocate Aurora Health ","WI","Healthcare Provider","1907","08/14/2020","Unauthorized Access/Disclosure","Paper/Films","Yes",""
"UT Southwestern Medical Center","TX","Healthcare Provider","15958","08/13/2020","Unauthorized Access/Disclosure","Other","No",""
"Idaho State University Dental Hygiene","ID","Healthcare Provider","543","08/13/2020","Unauthorized Access/Disclosure","Email","No",""
"The Iowa Clinic, P.C.","IA","Healthcare Provider","914","08/11/2020","Unauthorized Access/Disclosure","Paper/Films","No",""
"Ashley County Medical Center","AR","Healthcare Provider","772","08/07/2020","Unauthorized Access/Disclosure","Electronic Medical Record","No",""
"The Connection, Inc.","CT","Healthcare Provider","3736","08/07/2020","Hacking/IT Incident","Email","No",""
"Dynasplint Systems, Inc.","MD","Healthcare Provider","102800","08/06/2020","Hacking/IT Incident","Network Server","No",""
"Summit Medical Associates","IN","Healthcare Provider","7264","08/04/2020","Hacking/IT Incident","Network Server","No",""
"Northern Light Health ","ME","Business Associate","657392","08/03/2020","Hacking/IT Incident","Network Server, Other","Yes",""
"Hoag Clinic","CA","Healthcare Provider","738","08/03/2020","Theft","Laptop","No",""
"Comanche County Hospital Authority","OK","Health Plan","1112","08/03/2020","Hacking/IT Incident","Email","Yes",""
"St. Peter's Health Partners Medical Associates, P.C.","NY","Healthcare Provider","1789","08/03/2020","Loss","Other","Yes",""
"Freeport Regional Health Care Foundation","IL","Healthcare Provider","4120","07/31/2020","Hacking/IT Incident","Email","No",""
"St. Christopher's Hospital for Children","PA","Healthcare Provider","7557","07/31/2020","Unauthorized Access/Disclosure","Email","No",""
"Muskingum Valley Health Centers","OH","Healthcare Provider","7447","07/31/2020","Hacking/IT Incident","Electronic Medical Record, Network Server","No",""
"Elkins Rehabilitation & Care Center","WV","Healthcare Provider","3127","07/30/2020","Hacking/IT Incident","Email","No",""
"Berkshire Farm Center and Services for Youth","NY","Healthcare Provider","4950","07/30/2020","Hacking/IT Incident","Network Server","No",""
"Beaumont Health","MI","Healthcare Provider","6073","07/28/2020","Hacking/IT Incident","Email, Network Server","No",""
"Children's Hospital Colorado","CO","Healthcare Provider","2553","07/27/2020","Hacking/IT Incident","Email","No",""
"Owens Ear Center","TX","Healthcare Provider","19908","07/27/2020","Unauthorized Access/Disclosure","Network Server","No",""
"Behavioral Health Network, Inc.","MA","Healthcare Provider","129571","07/27/2020","Hacking/IT Incident","Network Server","No",""
"University of Maryland Faculty Physicians, Inc. / University of Maryland Medical Center","MD","Healthcare Provider","33896","07/24/2020","Hacking/IT Incident","Email","No",""
"Walgreen Co.","IL","Healthcare Provider","72143","07/24/2020","Theft","Other Portable Electronic Device, Paper/Films","No",""
"Town of Babylon","NY","Healthcare Provider","1974","07/24/2020","Hacking/IT Incident","Email","No",""
"Foundation Surgical Hospital of San Antonio","TX","Healthcare Provider","1237","07/24/2020","Unauthorized Access/Disclosure","Other","No",""
"Supervalu Pharmacies, Inc.","MN","Healthcare Provider","1500","07/24/2020","Theft","Other, Paper/Films","No",""
"CVS Pharmacy","RI","Healthcare Provider","26234","07/24/2020","Loss","Paper/Films","No",""
"Highpoint Foot & Ankle Center","PA","Healthcare Provider","25554","07/20/2020","Hacking/IT Incident","Network Server","No",""
"University of Utah","UT","Healthcare Provider","10000","07/20/2020","Hacking/IT Incident","Email","No",""
"NCP Healthcare Management Company","MA","Business Associate","78070","07/17/2020","Hacking/IT Incident","Email","Yes",""
"Brandywine Counseling & Community Services, Inc","DE","Healthcare Provider","4139","07/17/2020","Unauthorized Access/Disclosure","Paper/Films","No",""
"Maryland Health Enterprises DBA Lorien Health Services ","MD","Healthcare Provider","47754","07/17/2020","Hacking/IT Incident","Network Server","No",""
"Allergy and Asthma Clinic of Fort Worth","TX","Healthcare Provider","69777","07/16/2020","Hacking/IT Incident","Network Server","No",""
"US HealthCenter, Inc.","WI","Business Associate","1441","07/16/2020","Hacking/IT Incident","Email","Yes",""
"WellCare Health Plans","FL","Health Plan","50439","07/16/2020","Unauthorized Access/Disclosure","Paper/Films","No",""
"The Puerto Rican Organization to Motivate, Enlighten, and Serve Addicts, Inc. (PROMESA)","NY","Healthcare Provider","1002","07/16/2020","Hacking/IT Incident","Email","No",""
"SRPMIC Employee Health Plan","AZ","Health Plan","1708","07/15/2020","Hacking/IT Incident","Email, Network Server","Yes",""
"Wisconsin Department of Corrections","WI","Healthcare Provider","1853","07/15/2020","Unauthorized Access/Disclosure","Other","No",""
"Coalinga Valley Health Clinics, Inc. ","CA","Healthcare Provider","1463","07/14/2020","Theft","Paper/Films","No",""
"City Dental","CA","Healthcare Provider","900","07/14/2020","Hacking/IT Incident","Network Server","No",""
"Greenway Health, LLC","FL","Business Associate","2251","07/10/2020","Hacking/IT Incident","Other","Yes",""
"Jim Dinh, DC ","TX","Business Associate","500","07/10/2020","Theft","Desktop Computer, Laptop, Other Portable Electronic Device","Yes",""
"Tak-ming Ko, M.D., LLC","AK","Healthcare Provider","1158","07/09/2020","Hacking/IT Incident","Electronic Medical Record","Yes",""
"Dr. Ann Hale, D.D.S. / also known as Hutton & Hale, D.D.S.","CA","Healthcare Provider","8394","07/08/2020","Hacking/IT Incident","Network Server","No",""
"Accu Copy of Greenville, Incorporated","NC","Business Associate","21800","07/06/2020","Hacking/IT Incident","Desktop Computer, Network Server","Yes",""
"Four Winds Behavioral Health ","NM","Healthcare Provider","500","07/06/2020","Hacking/IT Incident","Email","No",""
"Central California Alliance for Health","CA","Health Plan","35883","07/02/2020","Hacking/IT Incident","Email","No",""
"Independence Blue Cross","PA","Business Associate","2393","07/02/2020","Unauthorized Access/Disclosure","Other","Yes",""
"Florida Orthopaedic Institute","FL","Healthcare Provider","640000","07/01/2020","Hacking/IT Incident","Network Server","No",""
"Carter and Hoff Dentistry","NC","Healthcare Provider","7000","07/01/2020","Hacking/IT Incident","Network Server","No",""
"WellCare Health Plans, Inc.","FL","Health Plan","2943","06/30/2020","Unauthorized Access/Disclosure","Other","Yes",""
"Maxwell Aesthetics","TN","Healthcare Provider","656","06/30/2020","Hacking/IT Incident","Desktop Computer","No",""
"Salinas Valley Memorial Healthcare System","CA","Healthcare Provider","786","06/29/2020","Hacking/IT Incident","Email","No",""
"Premier Kids Care, Inc.","GA","Healthcare Provider","6265","06/29/2020","Hacking/IT Incident","Desktop Computer, Network Server","No",""
"M&T Bank","NY","Business Associate","5878","06/29/2020","Unauthorized Access/Disclosure","Email","Yes",""
"Benefit Recovery Specialists, Inc. ","TX","Business Associate","274837","06/26/2020","Hacking/IT Incident","Network Server","Yes",""
"Rose Dental ","TX","Healthcare Provider","6169","06/26/2020","Hacking/IT Incident","Email","No",""
"Rose Dental ","TX","Healthcare Provider","2835","06/26/2020","Hacking/IT Incident","Email","No",""
"The StayWell Company, LLC","PA","Business Associate","971","06/26/2020","Hacking/IT Incident","Network Server","Yes",""
"Sage Behavior Services, Inc","CA","Healthcare Provider","763","06/25/2020","Hacking/IT Incident","Network Server","Yes",""
"Morneau Shepell Limited","IL","Healthcare Provider","1162","06/25/2020","Hacking/IT Incident","Email","No",""
"Grace & Porta Benefits, inc.","MI","Health Plan","572","06/23/2020","Hacking/IT Incident","Email","No",""
"Iowa Total Care, Inc.","IA","Health Plan","11581","06/23/2020","Unauthorized Access/Disclosure","Email","No",""
"Friendship Community Care, Inc.","AR","Healthcare Provider","9745","06/22/2020","Unauthorized Access/Disclosure","Email","No",""
"CHI St. Luke's Health Memorial","TX","Healthcare Provider","1045","06/19/2020","Unauthorized Access/Disclosure","Network Server","No",""
"Jeremy A. Ledger D.M.D., P.A.","FL","Healthcare Provider","538","06/19/2020","Unauthorized Access/Disclosure","Email","No",""
"Human Affairs International of California","CA","Business Associate","15843","06/19/2020","Hacking/IT Incident","Email, Network Server","Yes",""
"CodeMetro, Inc.","CA","Business Associate","62807","06/19/2020","Hacking/IT Incident","Network Server","Yes",""
"American Medical Technologies ","CA","Healthcare Provider","47767","06/18/2020","Hacking/IT Incident","Electronic Medical Record, Email, Network Server","No",""
"North Shore Pain Management","MA","Healthcare Provider","12472","06/18/2020","Hacking/IT Incident","Network Server","No",""
"The Kroger Co., for itself and its affiliates and subsidiaries","OH","Healthcare Provider","10974","06/18/2020","Hacking/IT Incident","Network Server","No",""
"Oral and Maxillofacial Surgery Associates, P.A.","SC","Healthcare Provider","35498","06/17/2020","Hacking/IT Incident","Desktop Computer, Network Server, Other Portable Electronic Device","No",""
"Frank D. Lanterman Regional Center","CA","Healthcare Provider","9271","06/16/2020","Hacking/IT Incident","Network Server","Yes",""
"Providence Health Plan","OR","Health Plan","49511","06/16/2020","Unauthorized Access/Disclosure","Other","Yes",""
"Senior Whole Health of New York","NY","Health Plan","3853","06/16/2020","Hacking/IT Incident","Email, Network Server","No",""
"Choice Health Management Services, LLC","NC","Business Associate","11650","06/15/2020","Hacking/IT Incident","Email","Yes",""
"The Waldorf Center ","OR","Healthcare Provider","606","06/15/2020","Hacking/IT Incident","Email","No",""
"Legacy Community Health Services","TX","Healthcare Provider","19000","06/15/2020","Hacking/IT Incident","Email","No",""
"Magellan Complete Care of Virginia, LLC","MD","Health Plan","3568","06/15/2020","Hacking/IT Incident","Email, Network Server","No",""
"Cano Health","FL","Healthcare Provider","28268","06/12/2020","Hacking/IT Incident","Email","No",""
"UF Health Jacksonville","FL","Healthcare Provider","54002","06/12/2020","Hacking/IT Incident","Email","Yes",""
"UF Health Shands","FL","Healthcare Provider","13146","06/12/2020","Hacking/IT Incident","Email","Yes",""
"UF","FL","Healthcare Provider","9182","06/12/2020","Hacking/IT Incident","Email","Yes",""
"Mehta, Anil MD, Inc.","CA","Healthcare Provider","846","06/12/2020","Theft","Desktop Computer, Paper/Films","No",""
"Healthcare Fiscal Management Inc.","NC","Business Associate","58000","06/12/2020","Hacking/IT Incident","Network Server","Yes",""
"Integra Managed Care","NY","Health Plan","644","06/12/2020","Unauthorized Access/Disclosure","Paper/Films","Yes",""
"Sunrise Treatment Center,LLC","OH","Healthcare Provider","3660","06/12/2020","Hacking/IT Incident","Email","No",""
"Magellan Rx Pharmacy","MD","Healthcare Provider","33040","06/12/2020","Hacking/IT Incident","Email, Network Server","No",""
"Magellan Healthcare","MD","Business Associate","50410","06/12/2020","Hacking/IT Incident","Email, Network Server","Yes",""
"Magellan Complete Care of Florida","FL","Health Plan","76236","06/12/2020","Hacking/IT Incident","Email, Network Server","No",""
"Merit Health Insurance Company","IL","Health Plan","102748","06/12/2020","Hacking/IT Incident","Email, Network Server","No",""
"National Imaging Associates","MD","Business Associate","22560","06/12/2020","Hacking/IT Incident","Email, Network Server","Yes",""
"Magellan Rx Management","AZ","Business Associate","314704","06/12/2020","Hacking/IT Incident","Email, Network Server","Yes",""
"Magellan Health Inc.","AZ","Health Plan","1013956","06/12/2020","Hacking/IT Incident","Email, Network Server","No",""
"Axis Neuromonitoring, Inc., d/b/a Apex IONM Solutions","TX","Business Associate","1876","06/11/2020","Hacking/IT Incident","Email","Yes",""
"University of Missouri Health Care","MO","Healthcare Provider","5074","06/11/2020","Hacking/IT Incident","Email","No",""
"Rangely District Hospital","CO","Healthcare Provider","6339","06/08/2020","Hacking/IT Incident","Electronic Medical Record, Network Server","No",""
"University of Utah","UT","Healthcare Provider","1909","06/08/2020","Hacking/IT Incident","Email","No",""
"Danube River Holdings LLC dba RiverPointe Post Acute","CA","Healthcare Provider","633","06/07/2020","Loss","Other Portable Electronic Device","No",""
"Kentuckiana Regional Planning and Development Agency","KY","Healthcare Provider","3663","06/05/2020","Hacking/IT Incident","Desktop Computer, Email","No",""
"Andrew Dang, DDS","CA","Healthcare Provider","974","06/04/2020","Theft","Desktop Computer","No",""
"JDA eHealth Systems, Inc.","IL","Business Associate","917","06/02/2020","Unauthorized Access/Disclosure","Other, Paper/Films","Yes",""
"Allergy & Asthma Medical Group of the Bay Area, Inc.","CA","Healthcare Provider","1900","06/02/2020","Theft","Laptop","No",""
"City of Philadelphia","PA","Health Plan","19042","06/01/2020","Hacking/IT Incident","Email","No",""
"Rochester Regional Health","NY","Healthcare Provider","1945","06/01/2020","Hacking/IT Incident","Email","No",""
"HEALTHY CONNECTIONS INC","AR","Healthcare Provider","3565","06/01/2020","Unauthorized Access/Disclosure","Email","No",""
"Sanitas Dental Management","FL","Healthcare Provider","19000","05/29/2020","Loss","Network Server","No",""
"Hanger Prosthetics & Orthotics, Inc. d/b/a Hanger Clinic","TX","Healthcare Provider","6033","05/29/2020","Unauthorized Access/Disclosure","Paper/Films","No",""
"Ridgeview Institute - Monroe","GA","Healthcare Provider","1853","05/29/2020","Unauthorized Access/Disclosure","Email, Paper/Films","No",""
"Catholic Charities Diocese of San Diego","CA","Business Associate","36205","05/29/2020","Hacking/IT Incident","Network Server","Yes",""
"Michiana Hematology Oncology, PC","IN","Healthcare Provider","500","05/29/2020","Improper Disposal","Paper/Films","Yes",""
"South Bend Medical Foundation, Inc.","IN","Healthcare Provider","500","05/28/2020","Improper Disposal","Paper/Films","Yes",""
"Beacon Health systems, Inc.","IN","Healthcare Provider","900","05/28/2020","Improper Disposal","Paper/Films","Yes",""
"Allied Physicians of Michiana, LLC","IN","Healthcare Provider","976","05/28/2020","Improper Disposal","Paper/Films","Yes",""
"Saint Joseph Regional Medical Center, Inc.","IN","Healthcare Provider","1000","05/28/2020","Improper Disposal","Paper/Films","Yes",""
"New Avenues, Inc.","IN","Healthcare Provider","1000","05/28/2020","Improper Disposal","Paper/Films","Yes",""
"Elkhart Emergency Physicians, Inc .","IN","Healthcare Provider","550000","05/28/2020","Improper Disposal","Paper/Films","Yes",""
"Renee Applebaum Phd Pc","MI","Healthcare Provider","3800","05/24/2020","Hacking/IT Incident","Network Server","Yes",""
"Mediclaim, LLC","MI","Business Associate","14931","05/22/2020","Hacking/IT Incident","Network Server","Yes",""
"Kaiser Permanente ","MD","Health Plan","2756","05/22/2020","Unauthorized Access/Disclosure","Electronic Medical Record","No",""
"Everett & Hurite Ophthalmic Association","PA","Healthcare Provider","34113","05/22/2020","Hacking/IT Incident","Email","No",""
"Woodlawn Dental Center","OH","Healthcare Provider","14419","05/18/2020","Hacking/IT Incident","Network Server","No",""
"Geisinger Wyoming Valley Medical Center","PA","Healthcare Provider","805","05/18/2020","Unauthorized Access/Disclosure","Electronic Medical Record","No",""
"PsyGenics, Inc.","MI","Business Associate","608","05/18/2020","Unauthorized Access/Disclosure","Email","Yes",""
"Mat-Su Surgical Associates, APC","AK","Healthcare Provider","13146","05/15/2020","Hacking/IT Incident","Laptop, Network Server","No",""
"Infor-Med Medical Information Systems Inc.","CA","Business Associate","3728","05/13/2020","Unauthorized Access/Disclosure","Email","Yes",""
"Alexander Chun, MD, PLLC","NY","Healthcare Provider","595","05/12/2020","Improper Disposal","Paper/Films","No",""
"District Medical Group","AZ","Healthcare Provider","10190","05/08/2020","Hacking/IT Incident","Email","No",""
"Santa Rosa & Rohnert Park Oral Surgery","CA","Healthcare Provider","5357","05/08/2020","Unauthorized Access/Disclosure","Email","No",""
"Ashtabula County Medical Center","OH","Healthcare Provider","3683","05/08/2020","Hacking/IT Incident","Network Server","No",""
"Moorestown Visiting Nurse Association","NJ","Healthcare Provider","26465","05/07/2020","Hacking/IT Incident","Network Server","No",""
"Midmark RTLS Solutions, Inc.","MI","Business Associate","7422","05/05/2020","Hacking/IT Incident","Other","Yes",""
"The Nebraska Medical Center","NE","Healthcare Provider","1311","05/05/2020","Unauthorized Access/Disclosure","Electronic Medical Record","No",""
"BJC Health System","MO","Business Associate","287876","05/05/2020","Hacking/IT Incident","Email","Yes",""
"Management and Network Services, LLC","OH","Business Associate","30132","05/04/2020","Hacking/IT Incident","Email","Yes",""
"Ann & Robert H. Lurie Children's Hospital of Chicago","IL","Healthcare Provider","4824","05/04/2020","Unauthorized Access/Disclosure","Electronic Medical Record","No",""
"Saint Francis Healthcare Partners","CT","Business Associate","38529","05/04/2020","Hacking/IT Incident","Email","Yes",""
"Stamford Health","CT","Healthcare Provider","1255","04/30/2020","Unauthorized Access/Disclosure","Email","No",""
"Meridian Health Services Corp.","IN","Healthcare Provider","111372","04/27/2020","Hacking/IT Incident","Email","No",""
"City of Detroit Health Department","MI","Healthcare Provider","1981","04/27/2020","Unauthorized Access/Disclosure","Network Server","No",""
"Customized Computer Software","TX","Business Associate","500","04/26/2020","Hacking/IT Incident","Laptop","Yes",""
"Daniel Bendetowicz MD PA","FL","Healthcare Provider","3314","04/24/2020","Hacking/IT Incident","Network Server","No",""
"United Cerebral Palsy Heartland","MO","Healthcare Provider","518","04/24/2020","Hacking/IT Incident","Email","No",""
"Ascension Eastwood Clinics ","MI","Healthcare Provider","999","04/23/2020","Unauthorized Access/Disclosure","Email","No",""
"Agility Center Orthopedics","AR","Healthcare Provider","13968","04/22/2020","Hacking/IT Incident","Email","No",""
"Psychiatric Associates of North Carolina, Professional Association","NC","Healthcare Provider","1081","04/20/2020","Unauthorized Access/Disclosure","Email","No",""
"Hebrew Home of Greater Washington","MD","Healthcare Provider","2550","04/17/2020","Hacking/IT Incident","Email","No",""
"Beaumont Health","MI","Healthcare Provider","112211","04/17/2020","Hacking/IT Incident","Email","No",""
"Houston Methodist Hospital","TX","Healthcare Provider","1987","04/17/2020","Theft","Other Portable Electronic Device","No",""
"Good Samaritan Hospital, Inc.","CA","Healthcare Provider","233835","04/17/2020","Hacking/IT Incident","Email","No",""
"John A. Grimaldi DO INC","CA","Healthcare Provider","912","04/16/2020","Unauthorized Access/Disclosure","Electronic Medical Record, Laptop, Other","No",""
"Advocate Aurora Health","WI","Healthcare Provider","27137","04/16/2020","Hacking/IT Incident","Email, Network Server","No",""
"Hartford HealthCare","CT","Healthcare Provider","2651","04/13/2020","Hacking/IT Incident","Email","No",""
"Doctors Community Medical Center","MD","Healthcare Provider","18481","04/13/2020","Hacking/IT Incident","Email","No",""
"Saint Francis Ministries","KS","Healthcare Provider","3680","04/10/2020","Hacking/IT Incident","Email","No",""
"Arizona Endocrinology Center","AZ","Healthcare Provider","74122","04/10/2020","Unauthorized Access/Disclosure","Electronic Medical Record","No",""
"Corpus Christi Rehabilitation Hospital","TX","Healthcare Provider","507","04/10/2020","Hacking/IT Incident","Email","No",""
"Rehabilitation Hospital of Southern New Mexico","NM","Healthcare Provider","1843","04/10/2020","Hacking/IT Incident","Email","No",""
"UPMC Altoona Regional Health Services","PA","Healthcare Provider","13911","04/10/2020","Hacking/IT Incident","Email","No",""
"Brandywine Counseling & Community Services, Inc","DE","Healthcare Provider","4262","04/10/2020","Hacking/IT Incident","Network Server","No",""
"Healthcare Resource Group, Inc.","WA","Business Associate","3009","04/07/2020","Hacking/IT Incident","Email","Yes",""
"New Jersey Urology, LLC","NJ","Healthcare Provider","3000","04/06/2020","Hacking/IT Incident","Email","No",""
"Child, Family and Community Services, Inc.","CA","Health Plan","1658","04/03/2020","Theft","Laptop, Other Portable Electronic Device","No",""
"University of Utah","UT","Healthcare Provider","5000","04/03/2020","Hacking/IT Incident","Email","No",""
"Confidio, LLC","MD","Business Associate","3600","03/31/2020","Hacking/IT Incident","Email","Yes",""
"Washington University School of Medicine","MO","Healthcare Provider","14795","03/31/2020","Hacking/IT Incident","Email","No",""
"Affordacare Urgent Care Clinics","TX","Healthcare Provider","57411","03/31/2020","Hacking/IT Incident","Network Server","No",""
"University of Minnesota Physicians","MN","Healthcare Provider","683","03/30/2020","Hacking/IT Incident","Email","No",""
"Mid-Delaware Imaging","DE","Healthcare Provider","9875","03/30/2020","Unauthorized Access/Disclosure","Electronic Medical Record, Network Server","No",""
"Brandywine Urology Consultants, PA","DE","Healthcare Provider","131825","03/27/2020","Hacking/IT Incident","Desktop Computer, Email, Laptop, Network Server","No",""
"Crossroads Technologies, Inc.","PA","Business Associate","897","03/27/2020","Hacking/IT Incident","Network Server","Yes",""
"Stockdale Radiology","CA","Healthcare Provider","10700","03/27/2020","Hacking/IT Incident","Desktop Computer","No",""
"UHHS Samaritan Medical Center","OH","Healthcare Provider","903","03/26/2020","Unauthorized Access/Disclosure","Electronic Medical Record","No",""
"David S Daley, DMD","AZ","Healthcare Provider","1000","03/26/2020","Theft","Network Server","No",""
"New Jersey Department of Human Services","NJ","Health Plan","2300","03/25/2020","Hacking/IT Incident","Network Server","No",""
"VA Sierra Nevada Health Care System","NV","Healthcare Provider","702","03/25/2020","Unauthorized Access/Disclosure","Paper/Films","No",""
"FACKLER FAMILY CHIROPRACTIC, LLC","OH","Healthcare Provider","1731","03/23/2020","Theft","Paper/Films","No",""
"Health Care Service Corporation","IL","Health Plan","575","03/23/2020","Unauthorized Access/Disclosure","Email","No",""
"Ambry Genetics Corporation","CA","Healthcare Provider","232772","03/22/2020","Hacking/IT Incident","Email","No",""
"University of Utah","UT","Healthcare Provider","3670","03/21/2020","Hacking/IT Incident","Email","No",""
"Golden Valley Health Centers","CA","Healthcare Provider","39700","03/20/2020","Hacking/IT Incident","Email","No",""
"Otis R. Bowen Center for Human Services","IN","Healthcare Provider","35804","03/20/2020","Hacking/IT Incident","Email","No",""
"Lakewood Health System","MN","Healthcare Provider","1415","03/16/2020","Hacking/IT Incident","Email","No",""
"Randleman Eye Center","NC","Healthcare Provider","19556","03/13/2020","Hacking/IT Incident","Network Server","No",""
"Foundation Medicine, Inc.","MA","Healthcare Provider","2999","03/13/2020","Hacking/IT Incident","Email","No",""
"North Texas Institute of Neurology and Headache","TX","Healthcare Provider","500","03/13/2020","Theft","Laptop","Yes",""
"Northeast Radiology","NY","Healthcare Provider","298532","03/11/2020","Hacking/IT Incident","Network Server","Yes",""
"The Prudential Insurance Company of America","NJ","Health Plan","1945","03/11/2020","Hacking/IT Incident","Network Server","Yes",""
"OneDigital Health and Benefits","GA","Business Associate","22894","03/06/2020","Theft","Laptop","Yes",""
"Torrance Memorial Medical Center","CA","Healthcare Provider","3448","03/06/2020","Hacking/IT Incident","Network Server","No",""
"Elk Ridge Dentistry","CO","Healthcare Provider","2793","03/02/2020","Theft","Other Portable Electronic Device","No",""
"Alameda Alliance for Health","CA","Health Plan","500","02/28/2020","Hacking/IT Incident","Network Server","No",""
"Walgreen Co. ","IL","Healthcare Provider","6681","02/28/2020","Unauthorized Access/Disclosure","Network Server","No",""
"Ozark Orthopaedics, PA","AR","Healthcare Provider","15240","02/28/2020","Hacking/IT Incident","Email","No",""
"Vail Clinic, Inc. dba Vail Health Hospital ","CO","Healthcare Provider","710","02/27/2020","Unauthorized Access/Disclosure","Network Server, Other Portable Electronic Device","No",""
"Fairfield Anesthesia Associates LLC","CT","Healthcare Provider","800","02/27/2020","Unauthorized Access/Disclosure","Desktop Computer","No",""
"Interactive Medical Systems, Corp.","NC","Business Associate","15010","02/27/2020","Hacking/IT Incident","Email","Yes",""
"Munson Healthcare","MI","Healthcare Provider","75202","02/26/2020","Hacking/IT Incident","Email","No",""
"AFTRA Retirement Fund","NY","Business Associate","57207","02/25/2020","Hacking/IT Incident","Network Server","Yes",""
"Engage Behavioral Health","FL","Healthcare Provider","650","02/24/2020","Hacking/IT Incident","Email","No",""
"Government Employees Health Association, Inc.","MO","Health Plan","696","02/22/2020","Unauthorized Access/Disclosure","Paper/Films","No",""
"Rady Children's Hospital San Diego","CA","Healthcare Provider","2360","02/21/2020","Unauthorized Access/Disclosure","Network Server","No",""
"Rainbow Hospice Care, Inc.","WI","Healthcare Provider","2029","02/21/2020","Hacking/IT Incident","Email","No",""
"Endeavor Energy Resources, L.P. ","TX","Health Plan","5103","02/20/2020","Hacking/IT Incident","Email","No",""
"Lake County Health Department","IL","Healthcare Provider","14488","02/19/2020","Unauthorized Access/Disclosure","Email","No",""
"East House Corporation","NY","Healthcare Provider","737","02/17/2020","Hacking/IT Incident","Email","No",""
"Armada Physical Therapy of Albuquerque, LLC","NM","Healthcare Provider","500","02/17/2020","Theft","Desktop Computer","No",""
"Monroe County Hospital & Clinics","IA","Healthcare Provider","7573","02/17/2020","Hacking/IT Incident","Email","No",""
"BST & Co. CPAs, LLP","NY","Business Associate","170000","02/16/2020","Hacking/IT Incident","Network Server","Yes",""
"Avalon Health Care Management, Inc.","UT","Business Associate","14500","02/14/2020","Hacking/IT Incident","Email","Yes",""
"United Regional Health Care System","TX","Healthcare Provider","1893","02/14/2020","Hacking/IT Incident","Email","No",""
"Aveanna Healthcare","GA","Healthcare Provider","166077","02/14/2020","Hacking/IT Incident","Email","No",""
"Tennessee Orthopaedic Alliance ","TN","Healthcare Provider","81146","02/14/2020","Hacking/IT Incident","Email","No",""
"Lakewood Resource and Referral Center dba Center for Health Education, Medicine and Dentistry","NJ","Healthcare Provider","12414","02/12/2020","Hacking/IT Incident","Network Server","No",""
"Shields Health Solutions","MA","Business Associate","1277","02/07/2020","Hacking/IT Incident","Email","Yes",""
"JDC Healthcare Management","TX","Healthcare Provider","45748","02/07/2020","Hacking/IT Incident","Email","No",""
"Vision Care Specialists, P.C. a part of MyEyeDr. Optometry of Colorado, P.C.","VA","Healthcare Provider","1475","02/07/2020","Hacking/IT Incident","Network Server","No",""
"UnitedHealth Group Health Plan Single Affiliated Covered Entity","MN","Health Plan","3335","02/04/2020","Hacking/IT Incident","Network Server","Yes",""
"Arizona Pain and Spine Institute","AZ","Healthcare Provider","530","02/03/2020","Theft","Laptop","No",""
"Hospital Sisters Health System","IL","Healthcare Provider","16167","01/31/2020","Hacking/IT Incident","Email","No",""
"Personal Touch Home Care of W. VA, Inc.","WV","Healthcare Provider","1169","01/28/2020","Hacking/IT Incident","Network Server, Other","Yes",""
"Personal Touch Hospice of VA, Inc.","VA","Healthcare Provider","1657","01/28/2020","Hacking/IT Incident","Network Server, Other","Yes",""
"Personal Touch Home Care of Mass., Inc.","NY","Healthcare Provider","2015","01/28/2020","Hacking/IT Incident","Network Server, Other","Yes",""
"Personal Touch Home Services of San Antonio, Inc.","TX","Healthcare Provider","5930","01/28/2020","Hacking/IT Incident","Network Server, Other","Yes",""
"Personal Touch Home-Aides, Inc.","NY","Healthcare Provider","2633","01/28/2020","Hacking/IT Incident","Network Server, Other","Yes",""
"Personal Touch Home Services of Dallas, Inc.","TX","Healthcare Provider","1700","01/28/2020","Hacking/IT Incident","Network Server, Other","Yes",""
"Personal Touch Home Care of S.E. Mass., Inc.","NY","Healthcare Provider","2863","01/28/2020","Hacking/IT Incident","Network Server, Other","Yes",""
"Personal Touch Home Aides Inc.","NY","Healthcare Provider","1890","01/28/2020","Hacking/IT Incident","Network Server, Other","Yes",""
"Personal Touch Home Care of PA, Inc.","NY","Healthcare Provider","9302","01/28/2020","Hacking/IT Incident","Network Server","Yes",""
"Personal Touch Home Care of Ohio, Inc.","NY","Healthcare Provider","15808","01/28/2020","Hacking/IT Incident","Network Server, Other","Yes",""
"Personal Touch Home Care of Greater Portsmouth, Inc.","NY","Healthcare Provider","1957","01/28/2020","Hacking/IT Incident","Network Server, Other","Yes",""
"Personal Touch Home Aides of Baltimore, Inc.","NY","Healthcare Provider","804","01/28/2020","Hacking/IT Incident","Network Server, Other","Yes",""
"Personal Touch Home Care of Baltimore, Inc.","NY","Healthcare Provider","9058","01/28/2020","Hacking/IT Incident","Network Server, Other","Yes",""
"Central Kansas Orthopedic Group, LLC","KS","Healthcare Provider","17214","01/28/2020","Hacking/IT Incident","Network Server","No",""
"Personal Touch Home Care of Indiana, Inc.","IN","Healthcare Provider","3593","01/28/2020","Hacking/IT Incident","Network Server, Other","Yes",""
"Personal Touch Home Aides of New York, Inc.","NY","Healthcare Provider","38693","01/28/2020","Hacking/IT Incident","Network Server, Other","Yes",""
"Cedarbrook Senior Care and Rehabilitation / County of Lehigh","PA","Healthcare Provider","688","01/24/2020","Unauthorized Access/Disclosure","Email","No",""
"Lafayette Regional Rehabilitation Hospital","IN","Healthcare Provider","1360","01/24/2020","Hacking/IT Incident","Desktop Computer, Email, Other","No",""
"Village Senior Services Corporation d/b/a VillageCareMAX","NY","Health Plan","2645","01/24/2020","Hacking/IT Incident","Email, Other","No",""
"Village Center for Care d/b/a VillageCare Rehabilitative and Nursing Center","NY","Healthcare Provider","674","01/24/2020","Hacking/IT Incident","Email, Other","No",""
"Manchester Ophthalmology, LLC","CT","Healthcare Provider","6846","01/24/2020","Hacking/IT Incident","Network Server","No",""
"UnitedHealth Group Health Plan Single Affiliated Covered Entity","MN","Health Plan","934","01/22/2020","Unauthorized Access/Disclosure","Paper/Films","Yes",""
"The Center for Neurological and Neurodevelopmental Health ","NJ","Healthcare Provider","11747","01/21/2020","Hacking/IT Incident","Email","No",""
"Solara Medical Supplies, LLC","CA","Healthcare Provider","1531","01/17/2020","Unauthorized Access/Disclosure","Paper/Films","No",""
"Fondren Orthopedic Group L.L.P.","TX","Healthcare Provider","30049","01/17/2020","Hacking/IT Incident","Network Server","No",""
"Children's Hope Alliance","NC","Healthcare Provider","4564","01/14/2020","Hacking/IT Incident","Email","No",""
"PIH Health","CA","Healthcare Provider","199548","01/10/2020","Hacking/IT Incident","Email","No",""
"Spectrum Healthcare Partners","ME","Healthcare Provider","11308","01/10/2020","Hacking/IT Incident","Email","No",""
"Lawrenceville Internal Medicine Assoc, LLC","NJ","Healthcare Provider","8031","01/02/2020","Unauthorized Access/Disclosure","Email","No",""
"The Center for Facial Restoration, Inc.","FL","Healthcare Provider","3600","12/26/2019","Hacking/IT Incident","Network Server","No",""
"PediHealth, PLLC, dba Children's Choice Pediatrics","TX","Healthcare Provider","12689","12/20/2019","Hacking/IT Incident","Network Server","No",""
"Roosevelt General Hospital","NM","Healthcare Provider","28847","12/19/2019","Hacking/IT Incident","Network Server","No",""
"Texas Family Psychology Associates, P.C.","TX","Healthcare Provider","12000","12/17/2019","Unauthorized Access/Disclosure","Electronic Medical Record","No",""
"North Ottawa Community Health System","MI","Healthcare Provider","4013","12/16/2019","Unauthorized Access/Disclosure","Electronic Medical Record","No",""
"INTEGRIS Health, Inc.","OK","Healthcare Provider","500","12/16/2019","Loss","Other Portable Electronic Device","No",""
"Sinai Health System","IL","Healthcare Provider","12578","12/13/2019","Hacking/IT Incident","Email","No",""
"Prestige Health Choice","FL","Health Plan","4662","12/13/2019","Unauthorized Access/Disclosure","Other Portable Electronic Device","No",""
"Marion Eye Center, LTD.","IL","Healthcare Provider","811","12/13/2019","Loss","Paper/Films","No",""
"Jewish Social Service Agency","MD","Healthcare Provider","3145","12/12/2019","Hacking/IT Incident","Email","No",""
"Cheyenne Regional Medical Center","WY","Healthcare Provider","17549","12/10/2019","Hacking/IT Incident","Email","No",""
"Anwan Wellness LLC","GA","Healthcare Provider","530","12/09/2019","Unauthorized Access/Disclosure","Electronic Medical Record","No",""
"Adventist Health Simi Valley","CA","Healthcare Provider","62000","12/06/2019","Hacking/IT Incident","Email","No",""
"Children’s Hope Alliance","NC","Healthcare Provider","1002","12/06/2019","Theft","Laptop","No",""
"Beech Brook","OH","Healthcare Provider","2636","12/06/2019","Hacking/IT Incident","Email","No",""
"Speight Family Medical, LLC","TN","Healthcare Provider","2000","12/06/2019","Hacking/IT Incident","Network Server","No",""
"Equinox, Inc.","NY","Healthcare Provider","1021","12/06/2019","Hacking/IT Incident","Email","No",""
"Sunrise Community Health","CO","Healthcare Provider","7668","12/05/2019","Hacking/IT Incident","Email","No",""
"Walgreen Co.","IL","Healthcare Provider","3700","12/03/2019","Hacking/IT Incident","Electronic Medical Record, Other","No",""
"RiverKids Pediatric Home Health","TX","Healthcare Provider","10000","12/02/2019","Hacking/IT Incident","Email","No",""
"Katherine Shaw Bethea Hospital ","IL","Healthcare Provider","1486","11/30/2019","Hacking/IT Incident","Email","No",""
"Nebraska Medicine","NE","Healthcare Provider","1149","11/27/2019","Unauthorized Access/Disclosure","Electronic Medical Record","No",""
"Ivy Rehab Network, Inc. and its affiliated companies","NY","Healthcare Provider","125000","11/26/2019","Hacking/IT Incident","Email","No",""
"Illinois Gastroenterology Group, LLC","IL","Healthcare Provider","1481","11/25/2019","Hacking/IT Incident","Email","No",""
"Penn-Mar Human Services","MD","Healthcare Provider","536","11/25/2019","Hacking/IT Incident","Email","No",""
"GeneDx, Inc. ","NJ","Healthcare Provider","851","11/22/2019","Hacking/IT Incident","Network Server, Other","Yes",""
"Southeastern Minnesota Oral & Maxillofacial Surgery","MN","Healthcare Provider","80000","11/22/2019","Hacking/IT Incident","Network Server","No",""
"OmniSeq, Inc.","NY","Healthcare Provider","3977","11/21/2019","Hacking/IT Incident","Email","No",""
"VA St. Louis Health Care System","MO","Healthcare Provider","595","11/21/2019","Unauthorized Access/Disclosure","Paper/Films","No",""
"Saint Francis Medical Center","MO","Healthcare Provider","107054","11/20/2019","Hacking/IT Incident","Electronic Medical Record, Network Server","No",""
"Human Services, Inc.","PA","Healthcare Provider","1559","11/18/2019","Hacking/IT Incident","Email","No",""
"Choice Cancer Care","TX","Healthcare Provider","14673","11/15/2019","Hacking/IT Incident","Email","No",""
"Solara Medical Supplies, LLC","CA","Healthcare Provider","114007","11/13/2019","Hacking/IT Incident","Email","No",""
"Select Health Network","IN","Business Associate","3582","11/13/2019","Hacking/IT Incident","Email","Yes",""
"University of North Carolina at Chapel Hill School of Medicine","NC","Healthcare Provider","3716","11/12/2019","Hacking/IT Incident","Email","No",""
"Outreach Health Services","TX","Healthcare Provider","500","11/08/2019","Hacking/IT Incident","Email","No",""
"Aegis Medical Group","FL","Healthcare Provider","9800","11/07/2019","Unauthorized Access/Disclosure","Electronic Medical Record, Laptop, Network Server, Paper/Films","No",""
"The Brooklyn Hospital Center","NY","Healthcare Provider","26312","11/01/2019","Hacking/IT Incident","Network Server","No",""
"Washington University School of Medicine","MO","Healthcare Provider","3237","11/01/2019","Unauthorized Access/Disclosure","Email, Laptop","No",""
"The Guidance Center ","CA","Healthcare Provider","1189","10/28/2019","Hacking/IT Incident","Email","No",""
"Betty Jean Kerr People's Health Centers","MO","Healthcare Provider","152000","10/25/2019","Hacking/IT Incident","Network Server","No",""
"Corpus Christi Tots & Teens Pediatrics","TX","Healthcare Provider","31787","10/24/2019","Hacking/IT Incident","Network Server","No",""
"PerCSoft","WI","Business Associate","955","10/24/2019","Hacking/IT Incident","Other","Yes",""
"Kalispell Regional Healthcare","MT","Healthcare Provider","140209","10/22/2019","Hacking/IT Incident","Email","No",""
"Self Regional Healthcare","SC","Healthcare Provider","2661","10/21/2019","Hacking/IT Incident","Email","No",""
"Buckhead Smile Center, P.C.","GA","Healthcare Provider","1655","10/17/2019","Unauthorized Access/Disclosure","Email","No",""
"Walmart Inc.","AR","Healthcare Provider","4211","10/17/2019","Loss","Other Portable Electronic Device","No",""
"LaBorde Therapy Center LLC","LA","Healthcare Provider","7000","10/16/2019","Hacking/IT Incident","Email","No",""
"Humana Inc ","KY","Health Plan","756","10/02/2019","Unauthorized Access/Disclosure","Email","No",""
"CHI Health Orthopedics Clinic -Lakeside","NE","Healthcare Provider","48000","09/30/2019","Hacking/IT Incident","Desktop Computer, Electronic Medical Record, Network Server","No",""
"Choctaw Nation Health Service Authority","OK","Healthcare Provider","500","09/27/2019","Hacking/IT Incident","Email","No",""
"Cancer Treatment Centers of America (CTCA) at Southeastern Regional Medical Center","GA","Healthcare Provider","3290","09/27/2019","Hacking/IT Incident","Email","No",""
"Women's Care Florida, LLC","FL","Healthcare Provider","528188","09/25/2019","Hacking/IT Incident","Network Server","No",""
"Magellan Healthcare","MD","Business Associate","55637","09/17/2019","Hacking/IT Incident","Email","Yes",""
"National Imaging Associates","MD","Business Associate","589","09/17/2019","Hacking/IT Incident","Email","Yes",""
"Sweetser ","ME","Healthcare Provider","22000","09/13/2019","Hacking/IT Incident","Email","No",""
"Kilgore Vision Center","AR","Healthcare Provider","40000","09/13/2019","Hacking/IT Incident","Network Server","No",""
"Sarrell Dental","AL","Healthcare Provider","391472","09/12/2019","Hacking/IT Incident","Network Server","No",""
"June E. Nylen Cancer Center","IA","Healthcare Provider","927","09/11/2019","Hacking/IT Incident","Email","No",""
"Cristo Rey Community Center - Family Health Center","MI","Healthcare Provider","1500","09/10/2019","Hacking/IT Incident","Network Server","No",""
"Lindner Center of Hope","OH","Healthcare Provider","3537","09/09/2019","Hacking/IT Incident","Email","No",""
"Berry Family Services","TX","Healthcare Provider","1751","09/08/2019","Hacking/IT Incident","Network Server","No",""
"Premier Family Medical","UT","Healthcare Provider","320000","09/07/2019","Hacking/IT Incident","Network Server","No",""
"Shore Specialty Consultants Pulmonology Group","NJ","Healthcare Provider","9700","09/06/2019","Hacking/IT Incident","Desktop Computer, Network Server","No",""
"Fedcap Rehabilitation Services, Inc.","NY","Healthcare Provider","2158","08/29/2019","Hacking/IT Incident","Email","No",""
"Choctaw Nation Health Services Authority","OK","Healthcare Provider","550","08/23/2019","Hacking/IT Incident","Email","No",""
"Navicent Health, Inc. ","GA","Healthcare Provider","1357","08/23/2019","Hacking/IT Incident","Email","No",""
"Virginia Gay Hospital ","IA","Healthcare Provider","5030","08/16/2019","Hacking/IT Incident","Email","No",""
"Bayview Dental","MN","Healthcare Provider","1938","08/13/2019","Hacking/IT Incident","Network Server","No",""
"Harbor Health Services, Inc.","MA","Healthcare Provider","750","08/09/2019","Hacking/IT Incident","Email","No",""
"Timothee T. Wilkin, D.O.","AR","Healthcare Provider","15113","08/09/2019","Hacking/IT Incident","Electronic Medical Record, Network Server","No",""
"Cancer Center of Kansas","KS","Healthcare Provider","773","08/09/2019","Hacking/IT Incident","Network Server","No",""
"Enlightened Solutions LLC","NJ","Healthcare Provider","844","08/09/2019","Hacking/IT Incident","Email","No",""
"One Care Medical, LLC","VA","Healthcare Provider","634","08/06/2019","Hacking/IT Incident","Desktop Computer","No",""
"Wisconsin Diagnostic Laboratories","WI","Healthcare Provider","114985","08/02/2019","Hacking/IT Incident","Other","Yes",""
"University of Missouri Health Care","MO","Healthcare Provider","14402","08/02/2019","Hacking/IT Incident","Email","No",""
"Presbyterian Healthcare Services","NM","Healthcare Provider","183370","08/02/2019","Hacking/IT Incident","Email","No",""
"CompuNet Clinical Laboratories, LLC","OH","Healthcare Provider","111555","07/26/2019","Hacking/IT Incident","Other","Yes",""
"Susan Marshall, M.D.,PC","NY","Healthcare Provider","743","07/25/2019","Theft","Laptop","No",""
"Wayne County Board of Developmental Disabilities","OH","Healthcare Provider","536","07/25/2019","Hacking/IT Incident","Network Server","No",""
"RCCA MSO LLC","NJ","Business Associate","102000","07/23/2019","Hacking/IT Incident","Email","Yes",""
"Rockville Eye Surgery Center LLC dba Palisades Eye Surgery Center","MD","Healthcare Provider","2696","07/17/2019","Hacking/IT Incident","Email","No",""
"Memphis Pathology Laboratory d/b/a American Esoteric Laboratories","TN","Healthcare Provider","409789","07/15/2019","Unauthorized Access/Disclosure","Network Server","No",""
"CentraCare Health System","MN","Healthcare Provider","2085","07/12/2019","Hacking/IT Incident","Network Server","Yes",""
"Cancer Treatment Centers of America (CTCA) at Eastern Regional Medical Center","PA","Healthcare Provider","3904","07/12/2019","Hacking/IT Incident","Email","No",""
"Cancer Treatment Centers of America (CTCA) at Southeastern Regional Medical Center","GA","Healthcare Provider","4559","07/12/2019","Hacking/IT Incident","Email","No",""
"Ameritas Life Insurance Corp.","NE","Health Plan","39675","07/08/2019","Hacking/IT Incident","Email","No",""
"RGH Enterprises, Inc. d/b/a Edgepark Medical Supplies ","OH","Healthcare Provider","6572","07/05/2019","Hacking/IT Incident","Network Server","No",""
"Adirondacks ACO, LLC","NY","Business Associate","39649","07/02/2019","Hacking/IT Incident","Email","Yes",""
"Optum360, LLC","MN","Business Associate","11500000","07/01/2019","Hacking/IT Incident","Network Server","Yes",""
"Southwest Gastroenterology","IL","Healthcare Provider","1600","06/28/2019","Theft","Electronic Medical Record","No",""
"Dominion Dental Services, Inc., Dominion National Insurance Company, and Dominion Dental Services USA, Inc.","VA","Health Plan","2964778","06/21/2019","Hacking/IT Incident","Network Server","No",""
"Community Physicians Group","AR","Healthcare Provider","5400","06/20/2019","Hacking/IT Incident","Email","No",""
"EyeCare Partners, LLC [on behalf of affiliated covered entities]","MO","Healthcare Provider","141165","06/19/2019","Hacking/IT Incident","Network Server","No",""
"TenX Systems, LLC d/b/a ResiDex Software","MN","Business Associate","90000","06/07/2019","Hacking/IT Incident","Network Server","Yes",""
"Health Quest Systems, Inc. ","NY","Healthcare Provider","372043","05/31/2019","Hacking/IT Incident","Email","No",""
"Broome County, New York","NY","Healthcare Provider","7048","05/31/2019","Hacking/IT Incident","Email","No",""
"The Union Labor Life Insurance Company","MD","Health Plan","87400","05/31/2019","Hacking/IT Incident","Email","No",""
"Capital City Paincare","OH","Healthcare Provider","1012","05/31/2019","Hacking/IT Incident","Network Server","No",""
"Maranatha Village Inc.","MO","Healthcare Provider","520","05/24/2019","Hacking/IT Incident","Email","No",""
"Talley Medical Surgical Eyecare Associates, PC","IN","Healthcare Provider","106000","05/24/2019","Unauthorized Access/Disclosure","Desktop Computer, Electronic Medical Record, Email, Laptop, Network Server","No",""
"Mercy Health Saint Mary's","MI","Healthcare Provider","978","05/24/2019","Hacking/IT Incident","Network Server","No",""
"Centura Health","CO","Healthcare Provider","7515","05/22/2019","Hacking/IT Incident","Email","No",""
"Communities Connected for Kids, Inc. ","FL","Business Associate","501","05/15/2019","Hacking/IT Incident","Network Server","Yes",""
"Aging Disability and Transit Services of Rockingham County  ","NC","Healthcare Provider","500","05/15/2019","Hacking/IT Incident","Network Server","No",""
"Cancer Treatment Centers of America® (CTCA) at Southeastern Regional Medical Center","GA","Healthcare Provider","16819","05/10/2019","Hacking/IT Incident","Email","No",""
"UnitedHealth Group Health Plan Single Affiliated Covered Entity","MN","Health Plan","20536","05/08/2019","Unauthorized Access/Disclosure","Other","No",""
"Inmediata Health Group, Corp.","","Healthcare Clearing House","1565338","05/07/2019","Unauthorized Access/Disclosure","Network Server","No",""
"Spectrum Health Lakeland","MI","Healthcare Provider","1100","05/06/2019","Hacking/IT Incident","Email","Yes",""
"American Baptist Homes of the Midwest","MN","Healthcare Provider","10993","05/06/2019","Hacking/IT Incident","Email, Network Server","No",""
"The Southeastern Council on Alcoholism and Drug Dependence","CT","Healthcare Provider","25148","05/01/2019","Hacking/IT Incident","Network Server","No",""
"Health Care Service Corporation","IL","Health Plan","676","04/24/2019","Unauthorized Access/Disclosure","Other Portable Electronic Device","No",""
"Logansport Memorial Hospital","IN","Healthcare Provider","3568","04/23/2019","Hacking/IT Incident","Email","No",""
"Doctors Management Services, Inc.","MA","Business Associate","206695","04/22/2019","Hacking/IT Incident","Network Server","Yes",""
"LISA ROSE DURSO, M.D. PLLC","NY","Healthcare Provider","537","04/22/2019","Hacking/IT Incident","Network Server","No",""
"People, Inc.","NY","Healthcare Provider","970","04/19/2019","Hacking/IT Incident","Email","No",""
"Pediatric Orthopedic Specialties, PA, dba ActivYouth Orthopaedics","NJ","Healthcare Provider","24176","04/18/2019","Hacking/IT Incident","Network Server","No",""
"ELENA MARIA BURUIANA PHYSICIAN P.C.","NY","Healthcare Provider","1308","04/18/2019","Hacking/IT Incident","Network Server","No",""
"Center for Sight & Hearing","IL","Healthcare Provider","5319","04/18/2019","Hacking/IT Incident","Email","No",""
"Delta Dental of Illinois","IL","Health Plan","5092","04/16/2019","Hacking/IT Incident","Email","No",""
"National Seating & Mobility, Inc. ","TN","Healthcare Provider","3800","04/15/2019","Hacking/IT Incident","Email","No",""
"Metro Santurce, Inc. d/b/a Hospital Pavia Santurce and Metro Hato Rey, Inc. d/b/a Hospital Pavia Hato Rey","","Healthcare Provider","305737","04/13/2019","Hacking/IT Incident","Network Server","No",""
"Questcare Medical Services, PLLC","TX","Healthcare Provider","5573","04/12/2019","Hacking/IT Incident","Email","No",""
"Riverplace Counseling Center, Inc.","MN","Healthcare Provider","11639","04/11/2019","Hacking/IT Incident","Network Server","No",""
"Rehabilitation Hospital of Northwest Ohio","OH","Healthcare Provider","1143","04/08/2019","Hacking/IT Incident","Email","No",""
"Dallas County MHMR dba Metrocare Services","TX","Healthcare Provider","5290","04/05/2019","Hacking/IT Incident","Email","No",""
"Baystate Health","MA","Healthcare Provider","11658","04/05/2019","Hacking/IT Incident","Email","No",""
"Gulf Coast Pain Consultants, LLC d/b/a Clearway Pain Solutions Institute","FL","Healthcare Provider","35000","04/05/2019","Unauthorized Access/Disclosure","Electronic Medical Record","No",""
"Oregon Endodontic Group	","OR","Healthcare Provider","2952","04/02/2019","Hacking/IT Incident","Email","No",""
"Human Development Center","MN","Healthcare Provider","1200","03/22/2019","Hacking/IT Incident","Email","No",""
"Navicent Health, Inc.","GA","Healthcare Provider","278016","03/22/2019","Hacking/IT Incident","Email","No",""
"L.A. Care Health Plan","CA","Health Plan","1506","03/15/2019","Unauthorized Access/Disclosure","Paper/Films","No",""
"Southern Hills Eye Care","IA","Healthcare Provider","11617","03/15/2019","Hacking/IT Incident","Network Server","No",""
"LCP Transportation, Inc","IN","Business Associate","54528","03/15/2019","Hacking/IT Incident","Email","Yes",""
"Little Rock Cancer Clinic, P.A.","AR","Healthcare Provider","3804","03/11/2019","Hacking/IT Incident","Network Server","No",""
"Equitas Health","OH","Healthcare Provider","569","03/09/2019","Hacking/IT Incident","Email","No",""
